entity_id,month,source_bias_train_city_month_mm,source_bias_train_city_month_std_mm,source_bias_train_city_month_n,source_bias_train_city_fallback_mm,source_bias_train_global_fallback_mm,bias_formula
SEA_BN_BANDAR_SERI_BEGAWAN,1,-0.436290322580645,12.292483886918443,124,-0.4024435318275154,-0.22088295687885007,"mean_train(nasa_power_precipitation_mm - open_meteo_precipitation_mm | entity_id, month)"
SEA_BN_BANDAR_SERI_BEGAWAN,2,0.28035398230088504,14.824377602521766,113,-0.4024435318275154,-0.22088295687885007,"mean_train(nasa_power_precipitation_mm - open_meteo_precipitation_mm | entity_id, month)"
SEA_BN_BANDAR_SERI_BEGAWAN,3,-0.3646774193548389,14.562311832650604,124,-0.4024435318275154,-0.22088295687885007,"mean_train(nasa_power_precipitation_mm - open_meteo_precipitation_mm | entity_id, month)"
SEA_BN_BANDAR_SERI_BEGAWAN,4,-1.25075,10.788341603732407,120,-0.4024435318275154,-0.22088295687885007,"mean_train(nasa_power_precipitation_mm - open_meteo_precipitation_mm | entity_id, month)"
SEA_BN_BANDAR_SERI_BEGAWAN,5,-0.26653225806451614,9.671657616341236,124,-0.4024435318275154,-0.22088295687885007,"mean_train(nasa_power_precipitation_mm - open_meteo_precipitation_mm | entity_id, month)"
SEA_BN_BANDAR_SERI_BEGAWAN,6,-0.37775,12.022305771832148,120,-0.4024435318275154,-0.22088295687885007,"mean_train(nasa_power_precipitation_mm - open_meteo_precipitation_mm | entity_id, month)"
SEA_BN_BANDAR_SERI_BEGAWAN,7,2.08508064516129,22.217778660598125,124,-0.4024435318275154,-0.22088295687885007,"mean_train(nasa_power_precipitation_mm - open_meteo_precipitation_mm | entity_id, month)"
SEA_BN_BANDAR_SERI_BEGAWAN,8,-1.9346774193548386,17.284118582665666,124,-0.4024435318275154,-0.22088295687885007,"mean_train(nasa_power_precipitation_mm - open_meteo_precipitation_mm | entity_id, month)"
SEA_BN_BANDAR_SERI_BEGAWAN,9,-0.03558333333333349,13.960243117229618,120,-0.4024435318275154,-0.22088295687885007,"mean_train(nasa_power_precipitation_mm - open_meteo_precipitation_mm | entity_id, month)"
SEA_BN_BANDAR_SERI_BEGAWAN,10,-1.2683870967741937,18.792125075601952,124,-0.4024435318275154,-0.22088295687885007,"mean_train(nasa_power_precipitation_mm - open_meteo_precipitation_mm | entity_id, month)"
SEA_BN_BANDAR_SERI_BEGAWAN,11,-1.04425,10.767584770305465,120,-0.4024435318275154,-0.22088295687885007,"mean_train(nasa_power_precipitation_mm - open_meteo_precipitation_mm | entity_id, month)"
SEA_BN_BANDAR_SERI_BEGAWAN,12,-0.19072580645161288,12.173570677749316,124,-0.4024435318275154,-0.22088295687885007,"mean_train(nasa_power_precipitation_mm - open_meteo_precipitation_mm | entity_id, month)"
SEA_ID_JAKARTA,1,-1.2264516129032257,12.158349481049253,124,-0.11704312114989732,-0.22088295687885007,"mean_train(nasa_power_precipitation_mm - open_meteo_precipitation_mm | entity_id, month)"
SEA_ID_JAKARTA,2,5.519203539823009,17.194216850731742,113,-0.11704312114989732,-0.22088295687885007,"mean_train(nasa_power_precipitation_mm - open_meteo_precipitation_mm | entity_id, month)"
SEA_ID_JAKARTA,3,1.0429838709677417,10.606771650472457,124,-0.11704312114989732,-0.22088295687885007,"mean_train(nasa_power_precipitation_mm - open_meteo_precipitation_mm | entity_id, month)"
SEA_ID_JAKARTA,4,0.21391666666666678,9.49155062517754,120,-0.11704312114989732,-0.22088295687885007,"mean_train(nasa_power_precipitation_mm - open_meteo_precipitation_mm | entity_id, month)"
SEA_ID_JAKARTA,5,-0.4383870967741935,8.599789219112612,124,-0.11704312114989732,-0.22088295687885007,"mean_train(nasa_power_precipitation_mm - open_meteo_precipitation_mm | entity_id, month)"
SEA_ID_JAKARTA,6,-1.3701666666666668,5.455882798855372,120,-0.11704312114989732,-0.22088295687885007,"mean_train(nasa_power_precipitation_mm - open_meteo_precipitation_mm | entity_id, month)"
SEA_ID_JAKARTA,7,-0.14548387096774187,4.956954932515504,124,-0.11704312114989732,-0.22088295687885007,"mean_train(nasa_power_precipitation_mm - open_meteo_precipitation_mm | entity_id, month)"
SEA_ID_JAKARTA,8,-1.0203225806451612,5.13949824122146,124,-0.11704312114989732,-0.22088295687885007,"mean_train(nasa_power_precipitation_mm - open_meteo_precipitation_mm | entity_id, month)"
SEA_ID_JAKARTA,9,-0.785,4.988211481233791,120,-0.11704312114989732,-0.22088295687885007,"mean_train(nasa_power_precipitation_mm - open_meteo_precipitation_mm | entity_id, month)"
SEA_ID_JAKARTA,10,-0.9987903225806452,6.058003453437181,124,-0.11704312114989732,-0.22088295687885007,"mean_train(nasa_power_precipitation_mm - open_meteo_precipitation_mm | entity_id, month)"
SEA_ID_JAKARTA,11,-0.7190833333333333,10.561081797452998,120,-0.11704312114989732,-0.22088295687885007,"mean_train(nasa_power_precipitation_mm - open_meteo_precipitation_mm | entity_id, month)"
SEA_ID_JAKARTA,12,-1.0476612903225806,7.336918906381248,124,-0.11704312114989732,-0.22088295687885007,"mean_train(nasa_power_precipitation_mm - open_meteo_precipitation_mm | entity_id, month)"
SEA_KH_PHNOM_PENH,1,-0.12129032258064516,2.2316623895021834,124,-0.30613963039014375,-0.22088295687885007,"mean_train(nasa_power_precipitation_mm - open_meteo_precipitation_mm | entity_id, month)"
SEA_KH_PHNOM_PENH,2,-0.25433628318584073,3.3142026287593445,113,-0.30613963039014375,-0.22088295687885007,"mean_train(nasa_power_precipitation_mm - open_meteo_precipitation_mm | entity_id, month)"
SEA_KH_PHNOM_PENH,3,0.10629032258064511,3.0843645740405994,124,-0.30613963039014375,-0.22088295687885007,"mean_train(nasa_power_precipitation_mm - open_meteo_precipitation_mm | entity_id, month)"
SEA_KH_PHNOM_PENH,4,-0.7655,7.2609705870183925,120,-0.30613963039014375,-0.22088295687885007,"mean_train(nasa_power_precipitation_mm - open_meteo_precipitation_mm | entity_id, month)"
SEA_KH_PHNOM_PENH,5,-0.8692741935483871,9.165515094559439,124,-0.30613963039014375,-0.22088295687885007,"mean_train(nasa_power_precipitation_mm - open_meteo_precipitation_mm | entity_id, month)"
SEA_KH_PHNOM_PENH,6,4.712166666666667,31.656823847417844,120,-0.30613963039014375,-0.22088295687885007,"mean_train(nasa_power_precipitation_mm - open_meteo_precipitation_mm | entity_id, month)"
SEA_KH_PHNOM_PENH,7,1.2587903225806452,11.696555715164802,124,-0.30613963039014375,-0.22088295687885007,"mean_train(nasa_power_precipitation_mm - open_meteo_precipitation_mm | entity_id, month)"
SEA_KH_PHNOM_PENH,8,-0.9690322580645163,14.407890759199706,124,-0.30613963039014375,-0.22088295687885007,"mean_train(nasa_power_precipitation_mm - open_meteo_precipitation_mm | entity_id, month)"
SEA_KH_PHNOM_PENH,9,-1.5071666666666668,11.779474826955552,120,-0.30613963039014375,-0.22088295687885007,"mean_train(nasa_power_precipitation_mm - open_meteo_precipitation_mm | entity_id, month)"
SEA_KH_PHNOM_PENH,10,-2.7175000000000002,13.705887206076486,124,-0.30613963039014375,-0.22088295687885007,"mean_train(nasa_power_precipitation_mm - open_meteo_precipitation_mm | entity_id, month)"
SEA_KH_PHNOM_PENH,11,-2.6896666666666667,10.964621329364666,120,-0.30613963039014375,-0.22088295687885007,"mean_train(nasa_power_precipitation_mm - open_meteo_precipitation_mm | entity_id, month)"
SEA_KH_PHNOM_PENH,12,0.17887096774193542,4.124877373822037,124,-0.30613963039014375,-0.22088295687885007,"mean_train(nasa_power_precipitation_mm - open_meteo_precipitation_mm | entity_id, month)"
SEA_LA_VIENTIANE,1,-0.015645161290322594,1.4342360034932307,124,-1.7037577002053388,-0.22088295687885007,"mean_train(nasa_power_precipitation_mm - open_meteo_precipitation_mm | entity_id, month)"
SEA_LA_VIENTIANE,2,0.3221238938053097,1.800155475094658,113,-1.7037577002053388,-0.22088295687885007,"mean_train(nasa_power_precipitation_mm - open_meteo_precipitation_mm | entity_id, month)"
SEA_LA_VIENTIANE,3,0.04024193548387097,4.512721938097318,124,-1.7037577002053388,-0.22088295687885007,"mean_train(nasa_power_precipitation_mm - open_meteo_precipitation_mm | entity_id, month)"
SEA_LA_VIENTIANE,4,0.45066666666666666,7.708029506920162,120,-1.7037577002053388,-0.22088295687885007,"mean_train(nasa_power_precipitation_mm - open_meteo_precipitation_mm | entity_id, month)"
SEA_LA_VIENTIANE,5,-1.6438709677419354,8.631133069563703,124,-1.7037577002053388,-0.22088295687885007,"mean_train(nasa_power_precipitation_mm - open_meteo_precipitation_mm | entity_id, month)"
SEA_LA_VIENTIANE,6,-3.7290833333333335,9.643630282990632,120,-1.7037577002053388,-0.22088295687885007,"mean_train(nasa_power_precipitation_mm - open_meteo_precipitation_mm | entity_id, month)"
SEA_LA_VIENTIANE,7,-3.826935483870968,8.948648004111844,124,-1.7037577002053388,-0.22088295687885007,"mean_train(nasa_power_precipitation_mm - open_meteo_precipitation_mm | entity_id, month)"
SEA_LA_VIENTIANE,8,-4.791048387096774,11.744060101704031,124,-1.7037577002053388,-0.22088295687885007,"mean_train(nasa_power_precipitation_mm - open_meteo_precipitation_mm | entity_id, month)"
SEA_LA_VIENTIANE,9,-5.586833333333334,9.819701854425317,120,-1.7037577002053388,-0.22088295687885007,"mean_train(nasa_power_precipitation_mm - open_meteo_precipitation_mm | entity_id, month)"
SEA_LA_VIENTIANE,10,-1.0853225806451614,7.372457691667067,124,-1.7037577002053388,-0.22088295687885007,"mean_train(nasa_power_precipitation_mm - open_meteo_precipitation_mm | entity_id, month)"
SEA_LA_VIENTIANE,11,-0.44083333333333335,3.133599853078833,120,-1.7037577002053388,-0.22088295687885007,"mean_train(nasa_power_precipitation_mm - open_meteo_precipitation_mm | entity_id, month)"
SEA_LA_VIENTIANE,12,-0.03919354838709677,0.41376046008774453,124,-1.7037577002053388,-0.22088295687885007,"mean_train(nasa_power_precipitation_mm - open_meteo_precipitation_mm | entity_id, month)"
SEA_MM_YANGON,1,0.043548387096774194,0.6924179309749199,124,-1.6023134839151267,-0.22088295687885007,"mean_train(nasa_power_precipitation_mm - open_meteo_precipitation_mm | entity_id, month)"
SEA_MM_YANGON,2,0.23336283185840706,1.3346365279807384,113,-1.6023134839151267,-0.22088295687885007,"mean_train(nasa_power_precipitation_mm - open_meteo_precipitation_mm | entity_id, month)"
SEA_MM_YANGON,3,-0.22217741935483873,3.1073546537008303,124,-1.6023134839151267,-0.22088295687885007,"mean_train(nasa_power_precipitation_mm - open_meteo_precipitation_mm | entity_id, month)"
SEA_MM_YANGON,4,1.6344166666666666,4.972235652898521,120,-1.6023134839151267,-0.22088295687885007,"mean_train(nasa_power_precipitation_mm - open_meteo_precipitation_mm | entity_id, month)"
SEA_MM_YANGON,5,1.6233064516129032,15.780539560353851,124,-1.6023134839151267,-0.22088295687885007,"mean_train(nasa_power_precipitation_mm - open_meteo_precipitation_mm | entity_id, month)"
SEA_MM_YANGON,6,-5.661416666666667,9.283563345847245,120,-1.6023134839151267,-0.22088295687885007,"mean_train(nasa_power_precipitation_mm - open_meteo_precipitation_mm | entity_id, month)"
SEA_MM_YANGON,7,-2.33991935483871,17.576276902391502,124,-1.6023134839151267,-0.22088295687885007,"mean_train(nasa_power_precipitation_mm - open_meteo_precipitation_mm | entity_id, month)"
SEA_MM_YANGON,8,-3.599112903225806,23.613623462480287,124,-1.6023134839151267,-0.22088295687885007,"mean_train(nasa_power_precipitation_mm - open_meteo_precipitation_mm | entity_id, month)"
SEA_MM_YANGON,9,-4.890583333333334,18.892048983181077,120,-1.6023134839151267,-0.22088295687885007,"mean_train(nasa_power_precipitation_mm - open_meteo_precipitation_mm | entity_id, month)"
SEA_MM_YANGON,10,-5.29258064516129,12.477036655096851,124,-1.6023134839151267,-0.22088295687885007,"mean_train(nasa_power_precipitation_mm - open_meteo_precipitation_mm | entity_id, month)"
SEA_MM_YANGON,11,-0.4725833333333334,3.6352354762500747,120,-1.6023134839151267,-0.22088295687885007,"mean_train(nasa_power_precipitation_mm - open_meteo_precipitation_mm | entity_id, month)"
SEA_MM_YANGON,12,-0.21733870967741936,1.7902673229423232,124,-1.6023134839151267,-0.22088295687885007,"mean_train(nasa_power_precipitation_mm - open_meteo_precipitation_mm | entity_id, month)"
SEA_MY_KUALA_LUMPUR,1,1.404516129032258,7.493130334045296,124,0.4201574264202601,-0.22088295687885007,"mean_train(nasa_power_precipitation_mm - open_meteo_precipitation_mm | entity_id, month)"
SEA_MY_KUALA_LUMPUR,2,1.8480530973451326,9.167048311597114,113,0.4201574264202601,-0.22088295687885007,"mean_train(nasa_power_precipitation_mm - open_meteo_precipitation_mm | entity_id, month)"
SEA_MY_KUALA_LUMPUR,3,1.9353225806451613,11.778554608931586,124,0.4201574264202601,-0.22088295687885007,"mean_train(nasa_power_precipitation_mm - open_meteo_precipitation_mm | entity_id, month)"
SEA_MY_KUALA_LUMPUR,4,-0.8217499999999999,7.948485893816614,120,0.4201574264202601,-0.22088295687885007,"mean_train(nasa_power_precipitation_mm - open_meteo_precipitation_mm | entity_id, month)"
SEA_MY_KUALA_LUMPUR,5,0.3792741935483871,8.95683153666737,124,0.4201574264202601,-0.22088295687885007,"mean_train(nasa_power_precipitation_mm - open_meteo_precipitation_mm | entity_id, month)"
SEA_MY_KUALA_LUMPUR,6,0.5355,9.292872288918602,120,0.4201574264202601,-0.22088295687885007,"mean_train(nasa_power_precipitation_mm - open_meteo_precipitation_mm | entity_id, month)"
SEA_MY_KUALA_LUMPUR,7,0.012096774193548309,9.489156179486598,124,0.4201574264202601,-0.22088295687885007,"mean_train(nasa_power_precipitation_mm - open_meteo_precipitation_mm | entity_id, month)"
SEA_MY_KUALA_LUMPUR,8,-1.4853225806451613,8.016804751999459,124,0.4201574264202601,-0.22088295687885007,"mean_train(nasa_power_precipitation_mm - open_meteo_precipitation_mm | entity_id, month)"
SEA_MY_KUALA_LUMPUR,9,-1.9006666666666665,11.629759908020771,120,0.4201574264202601,-0.22088295687885007,"mean_train(nasa_power_precipitation_mm - open_meteo_precipitation_mm | entity_id, month)"
SEA_MY_KUALA_LUMPUR,10,0.2142741935483872,11.598641648348663,124,0.4201574264202601,-0.22088295687885007,"mean_train(nasa_power_precipitation_mm - open_meteo_precipitation_mm | entity_id, month)"
SEA_MY_KUALA_LUMPUR,11,0.37033333333333335,11.76554183528626,120,0.4201574264202601,-0.22088295687885007,"mean_train(nasa_power_precipitation_mm - open_meteo_precipitation_mm | entity_id, month)"
SEA_MY_KUALA_LUMPUR,12,2.5641129032258068,14.118810379197484,124,0.4201574264202601,-0.22088295687885007,"mean_train(nasa_power_precipitation_mm - open_meteo_precipitation_mm | entity_id, month)"
SEA_PH_MANILA,1,4.983951612903225,8.480727056819704,124,4.26741273100616,-0.22088295687885007,"mean_train(nasa_power_precipitation_mm - open_meteo_precipitation_mm | entity_id, month)"
SEA_PH_MANILA,2,8.323982300884955,25.960872740799182,113,4.26741273100616,-0.22088295687885007,"mean_train(nasa_power_precipitation_mm - open_meteo_precipitation_mm | entity_id, month)"
SEA_PH_MANILA,3,5.945564516129032,18.003229714874376,124,4.26741273100616,-0.22088295687885007,"mean_train(nasa_power_precipitation_mm - open_meteo_precipitation_mm | entity_id, month)"
SEA_PH_MANILA,4,5.8775,20.632491519506825,120,4.26741273100616,-0.22088295687885007,"mean_train(nasa_power_precipitation_mm - open_meteo_precipitation_mm | entity_id, month)"
SEA_PH_MANILA,5,0.01733870967741944,5.076647653376996,124,4.26741273100616,-0.22088295687885007,"mean_train(nasa_power_precipitation_mm - open_meteo_precipitation_mm | entity_id, month)"
SEA_PH_MANILA,6,1.5030000000000001,15.675243908680933,120,4.26741273100616,-0.22088295687885007,"mean_train(nasa_power_precipitation_mm - open_meteo_precipitation_mm | entity_id, month)"
SEA_PH_MANILA,7,-1.0421774193548385,11.01233060262903,124,4.26741273100616,-0.22088295687885007,"mean_train(nasa_power_precipitation_mm - open_meteo_precipitation_mm | entity_id, month)"
SEA_PH_MANILA,8,-1.544032258064516,9.278875993689539,124,4.26741273100616,-0.22088295687885007,"mean_train(nasa_power_precipitation_mm - open_meteo_precipitation_mm | entity_id, month)"
SEA_PH_MANILA,9,-0.17025000000000007,8.234452267070074,120,4.26741273100616,-0.22088295687885007,"mean_train(nasa_power_precipitation_mm - open_meteo_precipitation_mm | entity_id, month)"
SEA_PH_MANILA,10,7.449354838709677,18.54565781984093,124,4.26741273100616,-0.22088295687885007,"mean_train(nasa_power_precipitation_mm - open_meteo_precipitation_mm | entity_id, month)"
SEA_PH_MANILA,11,10.245083333333334,20.49589977424807,120,4.26741273100616,-0.22088295687885007,"mean_train(nasa_power_precipitation_mm - open_meteo_precipitation_mm | entity_id, month)"
SEA_PH_MANILA,12,9.991935483870968,15.911719446233372,124,4.26741273100616,-0.22088295687885007,"mean_train(nasa_power_precipitation_mm - open_meteo_precipitation_mm | entity_id, month)"
SEA_SG_SINGAPORE,1,3.516532258064516,10.323434863900427,124,1.8043737166324436,-0.22088295687885007,"mean_train(nasa_power_precipitation_mm - open_meteo_precipitation_mm | entity_id, month)"
SEA_SG_SINGAPORE,2,7.121681415929204,19.78486104605953,113,1.8043737166324436,-0.22088295687885007,"mean_train(nasa_power_precipitation_mm - open_meteo_precipitation_mm | entity_id, month)"
SEA_SG_SINGAPORE,3,2.739274193548387,16.72113181164535,124,1.8043737166324436,-0.22088295687885007,"mean_train(nasa_power_precipitation_mm - open_meteo_precipitation_mm | entity_id, month)"
SEA_SG_SINGAPORE,4,-0.1589166666666667,10.801214979575864,120,1.8043737166324436,-0.22088295687885007,"mean_train(nasa_power_precipitation_mm - open_meteo_precipitation_mm | entity_id, month)"
SEA_SG_SINGAPORE,5,-0.912016129032258,12.800183940487218,124,1.8043737166324436,-0.22088295687885007,"mean_train(nasa_power_precipitation_mm - open_meteo_precipitation_mm | entity_id, month)"
SEA_SG_SINGAPORE,6,-2.9578333333333333,17.468473652173923,120,1.8043737166324436,-0.22088295687885007,"mean_train(nasa_power_precipitation_mm - open_meteo_precipitation_mm | entity_id, month)"
SEA_SG_SINGAPORE,7,2.1175,17.320845452665466,124,1.8043737166324436,-0.22088295687885007,"mean_train(nasa_power_precipitation_mm - open_meteo_precipitation_mm | entity_id, month)"
SEA_SG_SINGAPORE,8,3.1499193548387097,26.187823971908916,124,1.8043737166324436,-0.22088295687885007,"mean_train(nasa_power_precipitation_mm - open_meteo_precipitation_mm | entity_id, month)"
SEA_SG_SINGAPORE,9,2.6044166666666664,17.62961463736247,120,1.8043737166324436,-0.22088295687885007,"mean_train(nasa_power_precipitation_mm - open_meteo_precipitation_mm | entity_id, month)"
SEA_SG_SINGAPORE,10,0.6257258064516129,15.368514068450931,124,1.8043737166324436,-0.22088295687885007,"mean_train(nasa_power_precipitation_mm - open_meteo_precipitation_mm | entity_id, month)"
SEA_SG_SINGAPORE,11,2.2169166666666666,20.002232555889556,120,1.8043737166324436,-0.22088295687885007,"mean_train(nasa_power_precipitation_mm - open_meteo_precipitation_mm | entity_id, month)"
SEA_SG_SINGAPORE,12,1.8831451612903225,16.0467757502483,124,1.8043737166324436,-0.22088295687885007,"mean_train(nasa_power_precipitation_mm - open_meteo_precipitation_mm | entity_id, month)"
SEA_TH_BANGKOK,1,-0.2608064516129032,2.5063576386144417,124,-0.4112799452429843,-0.22088295687885007,"mean_train(nasa_power_precipitation_mm - open_meteo_precipitation_mm | entity_id, month)"
SEA_TH_BANGKOK,2,-0.6549557522123894,4.099037588240729,113,-0.4112799452429843,-0.22088295687885007,"mean_train(nasa_power_precipitation_mm - open_meteo_precipitation_mm | entity_id, month)"
SEA_TH_BANGKOK,3,-0.48854838709677423,2.575131125731819,124,-0.4112799452429843,-0.22088295687885007,"mean_train(nasa_power_precipitation_mm - open_meteo_precipitation_mm | entity_id, month)"
SEA_TH_BANGKOK,4,-0.45333333333333337,5.654567178130329,120,-0.4112799452429843,-0.22088295687885007,"mean_train(nasa_power_precipitation_mm - open_meteo_precipitation_mm | entity_id, month)"
SEA_TH_BANGKOK,5,0.16943548387096777,5.449393537140907,124,-0.4112799452429843,-0.22088295687885007,"mean_train(nasa_power_precipitation_mm - open_meteo_precipitation_mm | entity_id, month)"
SEA_TH_BANGKOK,6,-0.0051666666666666155,7.577397059048458,120,-0.4112799452429843,-0.22088295687885007,"mean_train(nasa_power_precipitation_mm - open_meteo_precipitation_mm | entity_id, month)"
SEA_TH_BANGKOK,7,0.42846774193548387,7.7217237685830575,124,-0.4112799452429843,-0.22088295687885007,"mean_train(nasa_power_precipitation_mm - open_meteo_precipitation_mm | entity_id, month)"
SEA_TH_BANGKOK,8,-0.2564516129032259,6.428089550874538,124,-0.4112799452429843,-0.22088295687885007,"mean_train(nasa_power_precipitation_mm - open_meteo_precipitation_mm | entity_id, month)"
SEA_TH_BANGKOK,9,0.06608333333333334,9.071401575700362,120,-0.4112799452429843,-0.22088295687885007,"mean_train(nasa_power_precipitation_mm - open_meteo_precipitation_mm | entity_id, month)"
SEA_TH_BANGKOK,10,-1.8316935483870966,10.268326683590352,124,-0.4112799452429843,-0.22088295687885007,"mean_train(nasa_power_precipitation_mm - open_meteo_precipitation_mm | entity_id, month)"
SEA_TH_BANGKOK,11,-1.2914999999999999,4.028616262638654,120,-0.4112799452429843,-0.22088295687885007,"mean_train(nasa_power_precipitation_mm - open_meteo_precipitation_mm | entity_id, month)"
SEA_TH_BANGKOK,12,-0.37975806451612903,1.4516161241477221,124,-0.4112799452429843,-0.22088295687885007,"mean_train(nasa_power_precipitation_mm - open_meteo_precipitation_mm | entity_id, month)"
SEA_TL_DILI,1,-1.9945967741935484,12.050234919896997,124,-2.3604928131416836,-0.22088295687885007,"mean_train(nasa_power_precipitation_mm - open_meteo_precipitation_mm | entity_id, month)"
SEA_TL_DILI,2,-0.11292035398230099,15.548577087023107,113,-2.3604928131416836,-0.22088295687885007,"mean_train(nasa_power_precipitation_mm - open_meteo_precipitation_mm | entity_id, month)"
SEA_TL_DILI,3,-6.233145161290322,11.060287883971098,124,-2.3604928131416836,-0.22088295687885007,"mean_train(nasa_power_precipitation_mm - open_meteo_precipitation_mm | entity_id, month)"
SEA_TL_DILI,4,-5.588833333333333,14.365371831983621,120,-2.3604928131416836,-0.22088295687885007,"mean_train(nasa_power_precipitation_mm - open_meteo_precipitation_mm | entity_id, month)"
SEA_TL_DILI,5,-1.122741935483871,5.358628683138585,124,-2.3604928131416836,-0.22088295687885007,"mean_train(nasa_power_precipitation_mm - open_meteo_precipitation_mm | entity_id, month)"
SEA_TL_DILI,6,-2.1031666666666666,5.571417903099747,120,-2.3604928131416836,-0.22088295687885007,"mean_train(nasa_power_precipitation_mm - open_meteo_precipitation_mm | entity_id, month)"
SEA_TL_DILI,7,-0.9176612903225807,3.618006932105824,124,-2.3604928131416836,-0.22088295687885007,"mean_train(nasa_power_precipitation_mm - open_meteo_precipitation_mm | entity_id, month)"
SEA_TL_DILI,8,-0.5781451612903226,1.5440635686266728,124,-2.3604928131416836,-0.22088295687885007,"mean_train(nasa_power_precipitation_mm - open_meteo_precipitation_mm | entity_id, month)"
SEA_TL_DILI,9,-0.8411666666666666,3.0963323881171227,120,-2.3604928131416836,-0.22088295687885007,"mean_train(nasa_power_precipitation_mm - open_meteo_precipitation_mm | entity_id, month)"
SEA_TL_DILI,10,-3.0694354838709677,5.460696715788205,124,-2.3604928131416836,-0.22088295687885007,"mean_train(nasa_power_precipitation_mm - open_meteo_precipitation_mm | entity_id, month)"
SEA_TL_DILI,11,-3.907166666666667,9.588972586576023,120,-2.3604928131416836,-0.22088295687885007,"mean_train(nasa_power_precipitation_mm - open_meteo_precipitation_mm | entity_id, month)"
SEA_TL_DILI,12,-1.754274193548387,12.21624755589747,124,-2.3604928131416836,-0.22088295687885007,"mean_train(nasa_power_precipitation_mm - open_meteo_precipitation_mm | entity_id, month)"
SEA_VN_HANOI,1,-0.2483870967741936,3.638315161553697,124,-0.651533196440794,-0.22088295687885007,"mean_train(nasa_power_precipitation_mm - open_meteo_precipitation_mm | entity_id, month)"
SEA_VN_HANOI,2,-0.18088495575221247,8.780648116894223,113,-0.651533196440794,-0.22088295687885007,"mean_train(nasa_power_precipitation_mm - open_meteo_precipitation_mm | entity_id, month)"
SEA_VN_HANOI,3,-0.9325000000000001,6.204930196209898,124,-0.651533196440794,-0.22088295687885007,"mean_train(nasa_power_precipitation_mm - open_meteo_precipitation_mm | entity_id, month)"
SEA_VN_HANOI,4,0.13975,6.3653987791533595,120,-0.651533196440794,-0.22088295687885007,"mean_train(nasa_power_precipitation_mm - open_meteo_precipitation_mm | entity_id, month)"
SEA_VN_HANOI,5,0.03169354838709677,10.655272271973004,124,-0.651533196440794,-0.22088295687885007,"mean_train(nasa_power_precipitation_mm - open_meteo_precipitation_mm | entity_id, month)"
SEA_VN_HANOI,6,-0.822,10.233547369544242,120,-0.651533196440794,-0.22088295687885007,"mean_train(nasa_power_precipitation_mm - open_meteo_precipitation_mm | entity_id, month)"
SEA_VN_HANOI,7,-0.005483870967741704,10.666339605364792,124,-0.651533196440794,-0.22088295687885007,"mean_train(nasa_power_precipitation_mm - open_meteo_precipitation_mm | entity_id, month)"
SEA_VN_HANOI,8,-1.546048387096774,17.11693716516886,124,-0.651533196440794,-0.22088295687885007,"mean_train(nasa_power_precipitation_mm - open_meteo_precipitation_mm | entity_id, month)"
SEA_VN_HANOI,9,-2.8345,19.043059074307447,120,-0.651533196440794,-0.22088295687885007,"mean_train(nasa_power_precipitation_mm - open_meteo_precipitation_mm | entity_id, month)"
SEA_VN_HANOI,10,-0.613225806451613,18.962560140195947,124,-0.651533196440794,-0.22088295687885007,"mean_train(nasa_power_precipitation_mm - open_meteo_precipitation_mm | entity_id, month)"
SEA_VN_HANOI,11,-0.6789166666666665,4.522733760157245,120,-0.651533196440794,-0.22088295687885007,"mean_train(nasa_power_precipitation_mm - open_meteo_precipitation_mm | entity_id, month)"
SEA_VN_HANOI,12,-0.13741935483870968,1.4602298911154017,124,-0.651533196440794,-0.22088295687885007,"mean_train(nasa_power_precipitation_mm - open_meteo_precipitation_mm | entity_id, month)"
SEA_VN_HO_CHI_MINH,1,-0.8709677419354839,3.376476833006412,124,-1.5875359342915811,-0.22088295687885007,"mean_train(nasa_power_precipitation_mm - open_meteo_precipitation_mm | entity_id, month)"
SEA_VN_HO_CHI_MINH,2,-0.48654867256637163,1.598575688538028,113,-1.5875359342915811,-0.22088295687885007,"mean_train(nasa_power_precipitation_mm - open_meteo_precipitation_mm | entity_id, month)"
SEA_VN_HO_CHI_MINH,3,0.05201612903225808,3.0704833918945624,124,-1.5875359342915811,-0.22088295687885007,"mean_train(nasa_power_precipitation_mm - open_meteo_precipitation_mm | entity_id, month)"
SEA_VN_HO_CHI_MINH,4,-2.6468333333333334,7.001701951960657,120,-1.5875359342915811,-0.22088295687885007,"mean_train(nasa_power_precipitation_mm - open_meteo_precipitation_mm | entity_id, month)"
SEA_VN_HO_CHI_MINH,5,-2.328790322580645,10.575246491793093,124,-1.5875359342915811,-0.22088295687885007,"mean_train(nasa_power_precipitation_mm - open_meteo_precipitation_mm | entity_id, month)"
SEA_VN_HO_CHI_MINH,6,0.9315833333333333,17.95735045286789,120,-1.5875359342915811,-0.22088295687885007,"mean_train(nasa_power_precipitation_mm - open_meteo_precipitation_mm | entity_id, month)"
SEA_VN_HO_CHI_MINH,7,-1.3595161290322582,9.870607501410042,124,-1.5875359342915811,-0.22088295687885007,"mean_train(nasa_power_precipitation_mm - open_meteo_precipitation_mm | entity_id, month)"
SEA_VN_HO_CHI_MINH,8,-2.7095161290322576,9.471655005565456,124,-1.5875359342915811,-0.22088295687885007,"mean_train(nasa_power_precipitation_mm - open_meteo_precipitation_mm | entity_id, month)"
SEA_VN_HO_CHI_MINH,9,-4.728166666666667,8.889972633105623,120,-1.5875359342915811,-0.22088295687885007,"mean_train(nasa_power_precipitation_mm - open_meteo_precipitation_mm | entity_id, month)"
SEA_VN_HO_CHI_MINH,10,-2.7193548387096773,9.535492683579296,124,-1.5875359342915811,-0.22088295687885007,"mean_train(nasa_power_precipitation_mm - open_meteo_precipitation_mm | entity_id, month)"
SEA_VN_HO_CHI_MINH,11,-2.08625,6.632365898830248,120,-1.5875359342915811,-0.22088295687885007,"mean_train(nasa_power_precipitation_mm - open_meteo_precipitation_mm | entity_id, month)"
SEA_VN_HO_CHI_MINH,12,-0.0707258064516129,4.137334708881111,124,-1.5875359342915811,-0.22088295687885007,"mean_train(nasa_power_precipitation_mm - open_meteo_precipitation_mm | entity_id, month)"
