entity_id,date,rainfall_mm,source_bias_mm,source_abs_diff_mm,wet_day,heavy_rain_day,rainfall_lag_1d,rainfall_rolling_30d_sum,rainfall_anomaly_mm,rainfall_zscore_city_month,wet_spell_days,dry_spell_days,month_sin,month_cos
SEA_BN_BANDAR_SERI_BEGAWAN,2020-01-01,1.695,1.19,1.19,True,False,,,-9.48983870967742,-0.9093344382739262,1,0,0.49999999999999994,0.8660254037844387
SEA_BN_BANDAR_SERI_BEGAWAN,2020-01-02,1.285,-0.22999999999999998,0.22999999999999998,True,False,1.695,,-9.89983870967742,-0.9486214199706872,2,0,0.49999999999999994,0.8660254037844387
SEA_BN_BANDAR_SERI_BEGAWAN,2020-01-03,3.37,2.94,2.94,True,False,1.285,,-7.81483870967742,-0.7488327447566714,3,0,0.49999999999999994,0.8660254037844387
SEA_BN_BANDAR_SERI_BEGAWAN,2020-01-04,1.635,2.27,2.27,True,False,3.37,,-9.54983870967742,-0.9150837526685742,4,0,0.49999999999999994,0.8660254037844387
SEA_BN_BANDAR_SERI_BEGAWAN,2020-01-05,4.53,-8.139999999999999,8.139999999999999,True,False,1.635,,-6.65483870967742,-0.6376793331268114,5,0,0.49999999999999994,0.8660254037844387
SEA_BN_BANDAR_SERI_BEGAWAN,2020-01-06,0.6399999999999999,-0.12,0.12,False,False,4.53,,-10.54483870967742,-1.0104265497131524,0,1,0.49999999999999994,0.8660254037844387
SEA_BN_BANDAR_SERI_BEGAWAN,2020-01-07,1.19,-1.42,1.42,True,False,0.6399999999999999,,-9.99483870967742,-0.9577245010955464,1,0,0.49999999999999994,0.8660254037844387
SEA_BN_BANDAR_SERI_BEGAWAN,2020-01-08,39.31,-73.98,73.98,True,True,1.19,,28.12516129032258,2.6950065776374417,2,0,0.49999999999999994,0.8660254037844387
SEA_BN_BANDAR_SERI_BEGAWAN,2020-01-09,0.73,-0.54,0.54,False,False,39.31,,-10.45483870967742,-1.0018025781211806,0,1,0.49999999999999994,0.8660254037844387
SEA_BN_BANDAR_SERI_BEGAWAN,2020-01-10,8.344999999999999,0.2900000000000009,0.2900000000000009,True,False,0.73,62.730000000000004,-2.839838709677421,-0.27211875953378023,1,0,0.49999999999999994,0.8660254037844387
SEA_BN_BANDAR_SERI_BEGAWAN,2020-01-11,19.115,-9.569999999999999,9.569999999999999,True,False,8.344999999999999,81.845,7.930161290322578,0.759883174305524,2,0,0.49999999999999994,0.8660254037844387
SEA_BN_BANDAR_SERI_BEGAWAN,2020-01-12,22.125,-7.350000000000001,7.350000000000001,True,True,19.115,103.97,10.94016129032258,1.0483071131036956,3,0,0.49999999999999994,0.8660254037844387
SEA_BN_BANDAR_SERI_BEGAWAN,2020-01-13,3.64,0.8799999999999999,0.8799999999999999,True,False,22.125,107.61,-7.544838709677419,-0.7229608299807556,4,0,0.49999999999999994,0.8660254037844387
SEA_BN_BANDAR_SERI_BEGAWAN,2020-01-14,9.885,-3.830000000000001,3.830000000000001,True,False,3.64,117.495,-1.2998387096774202,-0.12455302340448317,5,0,0.49999999999999994,0.8660254037844387
SEA_BN_BANDAR_SERI_BEGAWAN,2020-01-15,5.565,0.5300000000000002,0.5300000000000002,True,False,9.885,123.06,-5.61983870967742,-0.5385036598191344,6,0,0.49999999999999994,0.8660254037844387
SEA_BN_BANDAR_SERI_BEGAWAN,2020-01-16,12.66,-14.479999999999999,14.479999999999999,True,False,5.565,135.72,1.4751612903225801,0.14135276734798385,7,0,0.49999999999999994,0.8660254037844387
SEA_BN_BANDAR_SERI_BEGAWAN,2020-01-17,12.36,2.7200000000000006,2.7200000000000006,True,False,12.66,148.07999999999998,1.1751612903225794,0.11260619537474412,8,0,0.49999999999999994,0.8660254037844387
SEA_BN_BANDAR_SERI_BEGAWAN,2020-01-18,4.695,0.1900000000000004,0.1900000000000004,True,False,12.36,152.775,-6.48983870967742,-0.6218687185415295,9,0,0.49999999999999994,0.8660254037844387
SEA_BN_BANDAR_SERI_BEGAWAN,2020-01-19,5.725,-7.55,7.55,True,False,4.695,158.5,-5.45983870967742,-0.5231721547667401,10,0,0.49999999999999994,0.8660254037844387
SEA_BN_BANDAR_SERI_BEGAWAN,2020-01-20,0.52,0.24,0.24,False,False,5.725,159.02,-10.66483870967742,-1.0219251785024484,0,1,0.49999999999999994,0.8660254037844387
SEA_BN_BANDAR_SERI_BEGAWAN,2020-01-21,0.5,-0.6000000000000001,0.6000000000000001,False,False,0.52,159.52,-10.68483870967742,-1.0238416166339976,0,2,0.49999999999999994,0.8660254037844387
SEA_BN_BANDAR_SERI_BEGAWAN,2020-01-22,0.32,-0.36,0.36,False,False,0.5,159.84,-10.86483870967742,-1.0410895598179415,0,3,0.49999999999999994,0.8660254037844387
SEA_BN_BANDAR_SERI_BEGAWAN,2020-01-23,0.255,-0.49,0.49,False,False,0.32,160.095,-10.92983870967742,-1.0473179837454767,0,4,0.49999999999999994,0.8660254037844387
SEA_BN_BANDAR_SERI_BEGAWAN,2020-01-24,0.12,-0.16,0.16,False,False,0.255,160.215,-11.06483870967742,-1.0602539411334346,0,5,0.49999999999999994,0.8660254037844387
SEA_BN_BANDAR_SERI_BEGAWAN,2020-01-25,2.095,-0.6099999999999999,0.6099999999999999,True,False,0.12,162.31,-9.08983870967742,-0.87100567564294,1,0,0.49999999999999994,0.8660254037844387
SEA_BN_BANDAR_SERI_BEGAWAN,2020-01-26,7.965,0.5300000000000002,0.5300000000000002,True,False,2.095,170.275,-3.21983870967742,-0.3085310840332171,2,0,0.49999999999999994,0.8660254037844387
SEA_BN_BANDAR_SERI_BEGAWAN,2020-01-27,7.265,-3.67,3.67,True,False,7.965,177.54,-3.9198387096774203,-0.375606418637443,3,0,0.49999999999999994,0.8660254037844387
SEA_BN_BANDAR_SERI_BEGAWAN,2020-01-28,2.545,-1.11,1.11,True,False,7.265,180.085,-8.63983870967742,-0.8278858176830806,4,0,0.49999999999999994,0.8660254037844387
SEA_BN_BANDAR_SERI_BEGAWAN,2020-01-29,2.885,-2.03,2.03,True,False,2.545,182.97,-8.29983870967742,-0.7953063694467423,5,0,0.49999999999999994,0.8660254037844387
SEA_BN_BANDAR_SERI_BEGAWAN,2020-01-30,1.355,-1.89,1.89,True,False,2.885,184.325,-9.82983870967742,-0.9419138865102645,6,0,0.49999999999999994,0.8660254037844387
SEA_BN_BANDAR_SERI_BEGAWAN,2020-01-31,0.76,-1.08,1.08,False,False,1.355,183.39000000000001,-10.42483870967742,-0.9989279209238566,0,1,0.49999999999999994,0.8660254037844387
SEA_BN_BANDAR_SERI_BEGAWAN,2020-02-01,0.635,-0.53,0.53,False,False,0.76,182.74,-6.5969411764705885,-0.726885979862736,0,2,0.8660254037844386,0.5000000000000001
SEA_BN_BANDAR_SERI_BEGAWAN,2020-02-02,1.925,-3.5500000000000003,3.5500000000000003,True,False,0.635,181.29500000000002,-5.3069411764705885,-0.5847469355784883,1,0,0.8660254037844386,0.5000000000000001
SEA_BN_BANDAR_SERI_BEGAWAN,2020-02-03,1.095,-1.6099999999999999,1.6099999999999999,True,False,1.925,180.755,-6.136941176470589,-0.6762007392652523,2,0,0.8660254037844386,0.5000000000000001
SEA_BN_BANDAR_SERI_BEGAWAN,2020-02-04,0.66,-0.6799999999999999,0.6799999999999999,False,False,1.095,176.88500000000002,-6.571941176470588,-0.7241313472215682,0,1,0.8660254037844386,0.5000000000000001
SEA_BN_BANDAR_SERI_BEGAWAN,2020-02-05,0.3349999999999999,0.47,0.47,False,False,0.66,176.57999999999998,-6.896941176470588,-0.759941571556747,0,2,0.8660254037844386,0.5000000000000001
SEA_BN_BANDAR_SERI_BEGAWAN,2020-02-06,0.425,-0.75,0.75,False,False,0.3349999999999999,175.815,-6.8069411764705885,-0.7500248940485437,0,3,0.8660254037844386,0.5000000000000001
SEA_BN_BANDAR_SERI_BEGAWAN,2020-02-07,1.295,-2.41,2.41,True,False,0.425,137.79999999999998,-5.936941176470588,-0.6541636781359116,1,0,0.8660254037844386,0.5000000000000001
SEA_BN_BANDAR_SERI_BEGAWAN,2020-02-08,8.055,-12.690000000000001,12.690000000000001,True,False,1.295,145.125,0.8230588235294114,0.09068898803580444,2,0,0.8660254037844386,0.5000000000000001
SEA_BN_BANDAR_SERI_BEGAWAN,2020-02-09,10.13,-7.54,7.54,True,False,8.055,146.91,2.8980588235294125,0.3193234972527144,3,0,0.8660254037844386,0.5000000000000001
SEA_BN_BANDAR_SERI_BEGAWAN,2020-02-10,2.86,4.72,4.72,True,False,10.13,130.655,-4.371941176470589,-0.48172367479882056,4,0,0.8660254037844386,0.5000000000000001
SEA_BN_BANDAR_SERI_BEGAWAN,2020-02-11,0.365,0.73,0.73,False,False,2.86,108.895,-6.866941176470588,-0.7566360123873458,0,1,0.8660254037844386,0.5000000000000001
SEA_BN_BANDAR_SERI_BEGAWAN,2020-02-12,1.525,-0.75,0.75,True,False,0.365,106.78,-5.706941176470588,-0.6288210578371697,1,0,0.8660254037844386,0.5000000000000001
SEA_BN_BANDAR_SERI_BEGAWAN,2020-02-13,0.8500000000000001,-1.5,1.5,False,False,1.525,97.74499999999999,-6.381941176470589,-0.7031961391486947,0,1,0.8660254037844386,0.5000000000000001
SEA_BN_BANDAR_SERI_BEGAWAN,2020-02-14,5.285,-7.829999999999999,7.829999999999999,True,False,0.8500000000000001,97.465,-1.9469411764705882,-0.21452430860556437,1,0,0.8660254037844386,0.5000000000000001
SEA_BN_BANDAR_SERI_BEGAWAN,2020-02-15,69.87,125.74000000000001,125.74000000000001,True,True,5.285,154.675,62.63805882352942,6.9017936565867855,2,0,0.8660254037844386,0.5000000000000001
SEA_BN_BANDAR_SERI_BEGAWAN,2020-02-16,39.76,45.92,45.92,True,True,69.87,182.075,32.528058823529406,3.58411410356454,3,0,0.8660254037844386,0.5000000000000001
SEA_BN_BANDAR_SERI_BEGAWAN,2020-02-17,3.755,1.5099999999999998,1.5099999999999998,True,False,39.76,181.135,-3.4769411764705884,-0.3831078262450208,4,0,0.8660254037844386,0.5000000000000001
SEA_BN_BANDAR_SERI_BEGAWAN,2020-02-18,4.845000000000001,4.69,4.69,True,False,3.755,180.255,-2.3869411764705877,-0.2630058430901139,5,0,0.8660254037844386,0.5000000000000001
SEA_BN_BANDAR_SERI_BEGAWAN,2020-02-19,2.265,3.33,3.33,True,False,4.845000000000001,182.0,-4.966941176470588,-0.547283931658609,6,0,0.8660254037844386,0.5000000000000001
SEA_BN_BANDAR_SERI_BEGAWAN,2020-02-20,0.1,0.2,0.2,False,False,2.265,181.6,-7.131941176470589,-0.7858351183837223,0,1,0.8660254037844386,0.5000000000000001
SEA_BN_BANDAR_SERI_BEGAWAN,2020-02-21,0.16,0.32,0.32,False,False,0.1,181.44,-7.071941176470588,-0.7792240000449201,0,2,0.8660254037844386,0.5000000000000001
SEA_BN_BANDAR_SERI_BEGAWAN,2020-02-22,0.02,0.04,0.04,False,False,0.16,181.205,-7.211941176470589,-0.7946499428354586,0,3,0.8660254037844386,0.5000000000000001
SEA_BN_BANDAR_SERI_BEGAWAN,2020-02-23,0.0,0.0,0.0,False,False,0.02,181.085,-7.231941176470588,-0.7968536489483926,0,4,0.8660254037844386,0.5000000000000001
SEA_BN_BANDAR_SERI_BEGAWAN,2020-02-24,0.1,-0.2,0.2,False,False,0.0,179.09,-7.131941176470589,-0.7858351183837223,0,5,0.8660254037844386,0.5000000000000001
SEA_BN_BANDAR_SERI_BEGAWAN,2020-02-25,1.42,-2.76,2.76,True,False,0.1,172.54500000000002,-5.811941176470588,-0.6403905149300736,1,0,0.8660254037844386,0.5000000000000001
SEA_BN_BANDAR_SERI_BEGAWAN,2020-02-26,4.53,-7.74,7.74,True,False,1.42,169.81000000000003,-2.701941176470588,-0.29771421436882556,2,0,0.8660254037844386,0.5000000000000001
SEA_BN_BANDAR_SERI_BEGAWAN,2020-02-27,1.11,-1.18,1.18,True,False,4.53,168.375,-6.121941176470588,-0.6745479596805517,3,0,0.8660254037844386,0.5000000000000001
SEA_BN_BANDAR_SERI_BEGAWAN,2020-02-28,3.1900000000000004,-5.42,5.42,True,False,1.11,168.68,-4.041941176470588,-0.44536252393540826,4,0,0.8660254037844386,0.5000000000000001
SEA_BN_BANDAR_SERI_BEGAWAN,2020-02-29,0.31,0.020000000000000018,0.020000000000000018,False,False,3.1900000000000004,167.63500000000002,-6.921941176470589,-0.7626962041979146,0,1,0.8660254037844386,0.5000000000000001
SEA_BN_BANDAR_SERI_BEGAWAN,2020-03-01,1.1,-1.5999999999999999,1.5999999999999999,True,False,0.31,167.975,-7.065913978494624,-0.7091818994136708,1,0,1.0,6.123233995736766e-17
SEA_BN_BANDAR_SERI_BEGAWAN,2020-03-02,57.67,110.94,110.94,True,True,1.1,225.01000000000002,49.50408602150538,4.9685577634145615,2,0,1.0,6.123233995736766e-17
SEA_BN_BANDAR_SERI_BEGAWAN,2020-03-03,56.105,56.410000000000004,56.410000000000004,True,True,57.67,279.19,47.939086021505375,4.811484003960325,3,0,1.0,6.123233995736766e-17
SEA_BN_BANDAR_SERI_BEGAWAN,2020-03-04,20.83,20.06,20.06,True,True,56.105,298.925,12.664086021505375,1.2710515025237696,4,0,1.0,6.123233995736766e-17
SEA_BN_BANDAR_SERI_BEGAWAN,2020-03-05,31.735,16.269999999999996,16.269999999999996,True,True,20.83,330.0,23.569086021505377,2.3655494877304495,5,0,1.0,6.123233995736766e-17
SEA_BN_BANDAR_SERI_BEGAWAN,2020-03-06,1.985,-1.03,1.03,True,False,31.735,331.65000000000003,-6.180913978494623,-0.6203574411919457,6,0,1.0,6.123233995736766e-17
SEA_BN_BANDAR_SERI_BEGAWAN,2020-03-07,0.355,-0.69,0.69,False,False,1.985,331.58,-7.810913978494623,-0.7839550309110551,0,1,1.0,6.123233995736766e-17
SEA_BN_BANDAR_SERI_BEGAWAN,2020-03-08,0.6,-1.2,1.2,False,False,0.355,330.885,-7.565913978494624,-0.759365209143459,0,2,1.0,6.123233995736766e-17
SEA_BN_BANDAR_SERI_BEGAWAN,2020-03-09,3.035,-2.9299999999999997,2.9299999999999997,True,False,0.6,325.865,-5.130913978494624,-0.5149724907593907,1,0,1.0,6.123233995736766e-17
SEA_BN_BANDAR_SERI_BEGAWAN,2020-03-10,4.655,-3.69,3.69,True,False,3.035,320.39,-3.5109139784946235,-0.352378567234877,2,0,1.0,6.123233995736766e-17
SEA_BN_BANDAR_SERI_BEGAWAN,2020-03-11,4.265,-0.6699999999999995,0.6699999999999995,True,False,4.655,321.795,-3.900913978494624,-0.3915215488241118,3,0,1.0,6.123233995736766e-17
SEA_BN_BANDAR_SERI_BEGAWAN,2020-03-12,2.265,-2.87,2.87,True,False,4.265,323.69500000000005,-5.900913978494623,-0.5922547877432643,4,0,1.0,6.123233995736766e-17
SEA_BN_BANDAR_SERI_BEGAWAN,2020-03-13,1.325,-2.5500000000000003,2.5500000000000003,True,False,2.265,323.495,-6.840913978494624,-0.6865994100352661,5,0,1.0,6.123233995736766e-17
SEA_BN_BANDAR_SERI_BEGAWAN,2020-03-14,1.1700000000000002,-2.06,2.06,True,False,1.325,323.815,-6.995913978494624,-0.7021562360515005,6,0,1.0,6.123233995736766e-17
SEA_BN_BANDAR_SERI_BEGAWAN,2020-03-15,0.395,-0.41,0.41,False,False,1.1700000000000002,318.925,-7.770913978494624,-0.7799403661326721,0,1,1.0,6.123233995736766e-17
SEA_BN_BANDAR_SERI_BEGAWAN,2020-03-16,0.0,0.0,0.0,False,False,0.395,249.055,-8.165913978494624,-0.8195851808192047,0,2,1.0,6.123233995736766e-17
SEA_BN_BANDAR_SERI_BEGAWAN,2020-03-17,0.26,-0.48,0.48,False,False,0.0,209.555,-7.905913978494624,-0.7934898597597149,0,3,1.0,6.123233995736766e-17
SEA_BN_BANDAR_SERI_BEGAWAN,2020-03-18,0.7000000000000001,-1.2,1.2,False,False,0.26,206.5,-7.465913978494624,-0.7493285471975013,0,4,1.0,6.123233995736766e-17
SEA_BN_BANDAR_SERI_BEGAWAN,2020-03-19,4.215,-5.77,5.77,True,False,0.7000000000000001,205.87,-3.950913978494624,-0.3965398797970906,1,0,1.0,6.123233995736766e-17
SEA_BN_BANDAR_SERI_BEGAWAN,2020-03-20,3.83,-2.34,2.34,True,False,4.215,207.435,-4.335913978494624,-0.43518102828902744,2,0,1.0,6.123233995736766e-17
SEA_BN_BANDAR_SERI_BEGAWAN,2020-03-21,5.335,0.2699999999999996,0.2699999999999996,True,False,3.83,212.67000000000002,-2.830913978494624,-0.2841292660023651,3,0,1.0,6.123233995736766e-17
SEA_BN_BANDAR_SERI_BEGAWAN,2020-03-22,1.785,-1.83,1.83,True,False,5.335,214.29500000000002,-6.380913978494624,-0.640430765083861,4,0,1.0,6.123233995736766e-17
SEA_BN_BANDAR_SERI_BEGAWAN,2020-03-23,4.075,-0.8500000000000001,0.8500000000000001,True,False,1.785,218.35,-4.090913978494624,-0.4105912065214312,5,0,1.0,6.123233995736766e-17
SEA_BN_BANDAR_SERI_BEGAWAN,2020-03-24,5.48,1.96,1.96,True,False,4.075,223.82999999999998,-2.6859139784946233,-0.26957610618072647,6,0,1.0,6.123233995736766e-17
SEA_BN_BANDAR_SERI_BEGAWAN,2020-03-25,4.21,-7.380000000000001,7.380000000000001,True,False,5.48,227.94,-3.955913978494624,-0.39704171289438844,7,0,1.0,6.123233995736766e-17
SEA_BN_BANDAR_SERI_BEGAWAN,2020-03-26,11.535,-20.53,20.53,True,False,4.21,238.05499999999998,3.3690860215053764,0.33814377464700807,8,0,1.0,6.123233995736766e-17
SEA_BN_BANDAR_SERI_BEGAWAN,2020-03-27,6.545,-6.91,6.91,True,False,11.535,240.07,-1.6209139784946238,-0.16268565645627778,9,0,1.0,6.123233995736766e-17
SEA_BN_BANDAR_SERI_BEGAWAN,2020-03-28,17.564999999999998,3.7300000000000004,3.7300000000000004,True,False,6.545,256.525,9.399086021505374,0.943354489988253,10,0,1.0,6.123233995736766e-17
SEA_BN_BANDAR_SERI_BEGAWAN,2020-03-29,19.625,-14.350000000000001,14.350000000000001,True,False,17.564999999999998,272.96,11.459086021505376,1.1501097260749804,11,0,1.0,6.123233995736766e-17
SEA_BN_BANDAR_SERI_BEGAWAN,2020-03-30,12.255,2.51,2.51,True,False,19.625,284.905,4.089086021505377,0.4104077406579031,12,0,1.0,6.123233995736766e-17
SEA_BN_BANDAR_SERI_BEGAWAN,2020-03-31,15.485,2.17,2.17,True,False,12.255,299.28999999999996,7.319086021505376,0.7345919215123344,13,0,1.0,6.123233995736766e-17
SEA_BN_BANDAR_SERI_BEGAWAN,2020-04-01,2.095,-0.2100000000000002,0.2100000000000002,True,False,15.485,243.71499999999997,-5.731944444444444,-0.6141760110065766,14,0,0.8660254037844387,-0.4999999999999998
SEA_BN_BANDAR_SERI_BEGAWAN,2020-04-02,1.405,0.81,0.81,True,False,2.095,189.015,-6.421944444444445,-0.6881092899666124,15,0,0.8660254037844387,-0.4999999999999998
SEA_BN_BANDAR_SERI_BEGAWAN,2020-04-03,3.6,-5.3999999999999995,5.3999999999999995,True,False,1.405,171.78500000000003,-4.226944444444445,-0.4529157431299771,16,0,0.8660254037844387,-0.4999999999999998
SEA_BN_BANDAR_SERI_BEGAWAN,2020-04-04,1.285,-1.83,1.83,True,False,3.6,141.335,-6.541944444444445,-0.7009672515248794,17,0,0.8660254037844387,-0.4999999999999998
SEA_BN_BANDAR_SERI_BEGAWAN,2020-04-05,3.835,-5.73,5.73,True,False,1.285,143.185,-3.991944444444445,-0.42773556841170407,18,0,0.8660254037844387,-0.4999999999999998
SEA_BN_BANDAR_SERI_BEGAWAN,2020-04-06,9.36,-5.68,5.68,True,False,3.835,152.19,1.5330555555555545,0.16426641166684244,19,0,0.8660254037844387,-0.4999999999999998
SEA_BN_BANDAR_SERI_BEGAWAN,2020-04-07,15.015,1.83,1.83,True,False,9.36,166.60500000000002,7.188055555555556,0.7701978501001785,20,0,0.8660254037844387,-0.4999999999999998
SEA_BN_BANDAR_SERI_BEGAWAN,2020-04-08,16.82,-11.36,11.36,True,False,15.015,180.39000000000001,8.993055555555555,0.9636030218724457,21,0,0.8660254037844387,-0.4999999999999998
SEA_BN_BANDAR_SERI_BEGAWAN,2020-04-09,4.81,3.82,3.82,True,False,16.82,180.54500000000002,-3.0169444444444453,-0.32326463075078415,22,0,0.8660254037844387,-0.4999999999999998
SEA_BN_BANDAR_SERI_BEGAWAN,2020-04-10,3.1750000000000003,-5.45,5.45,True,False,4.81,179.45499999999998,-4.651944444444444,-0.49845435698217294,23,0,0.8660254037844387,-0.4999999999999998
SEA_BN_BANDAR_SERI_BEGAWAN,2020-04-11,0.88,-1.4400000000000002,1.4400000000000002,False,False,3.1750000000000003,178.07,-6.946944444444445,-0.7443628717840308,0,1,0.8660254037844387,-0.4999999999999998
SEA_BN_BANDAR_SERI_BEGAWAN,2020-04-12,4.65,-4.3,4.3,True,False,0.88,181.39499999999998,-3.1769444444444446,-0.34040857949514014,1,0,0.8660254037844387,-0.4999999999999998
SEA_BN_BANDAR_SERI_BEGAWAN,2020-04-13,10.345,11.29,11.29,True,False,4.65,190.57,2.5180555555555557,0.26980884612428485,2,0,0.8660254037844387,-0.4999999999999998
SEA_BN_BANDAR_SERI_BEGAWAN,2020-04-14,8.445,-12.51,12.51,True,False,10.345,198.62,0.6180555555555554,0.06622445478505609,3,0,0.8660254037844387,-0.4999999999999998
SEA_BN_BANDAR_SERI_BEGAWAN,2020-04-15,1.585,-0.030000000000000027,0.030000000000000027,True,False,8.445,200.20499999999998,-6.241944444444445,-0.6688223476292118,4,0,0.8660254037844387,-0.4999999999999998
SEA_BN_BANDAR_SERI_BEGAWAN,2020-04-16,1.355,-2.09,2.09,True,False,1.585,201.3,-6.4719444444444445,-0.6934667739492236,5,0,0.8660254037844387,-0.4999999999999998
SEA_BN_BANDAR_SERI_BEGAWAN,2020-04-17,2.58,-4.24,4.24,True,False,1.355,203.18,-5.246944444444445,-0.5622084163752472,6,0,0.8660254037844387,-0.4999999999999998
SEA_BN_BANDAR_SERI_BEGAWAN,2020-04-18,9.15,-10.899999999999999,10.899999999999999,True,False,2.58,208.115,1.3230555555555554,0.14176497893987516,7,0,0.8660254037844387,-0.4999999999999998
SEA_BN_BANDAR_SERI_BEGAWAN,2020-04-19,1.895,-0.6100000000000001,0.6100000000000001,True,False,9.15,206.18,-5.931944444444445,-0.6356059469370219,8,0,0.8660254037844387,-0.4999999999999998
SEA_BN_BANDAR_SERI_BEGAWAN,2020-04-20,4.225,-1.3500000000000005,1.3500000000000005,True,False,1.895,205.07000000000002,-3.6019444444444453,-0.3859471933473361,9,0,0.8660254037844387,-0.4999999999999998
SEA_BN_BANDAR_SERI_BEGAWAN,2020-04-21,9.15,-11.899999999999999,11.899999999999999,True,False,4.225,212.435,1.3230555555555554,0.14176497893987516,10,0,0.8660254037844387,-0.4999999999999998
SEA_BN_BANDAR_SERI_BEGAWAN,2020-04-22,3.74,-1.9200000000000004,1.9200000000000004,True,False,9.15,212.1,-4.086944444444445,-0.4379147879786655,11,0,0.8660254037844387,-0.4999999999999998
SEA_BN_BANDAR_SERI_BEGAWAN,2020-04-23,8.280000000000001,-7.24,7.24,True,False,3.74,214.9,0.4530555555555562,0.04854475764243896,12,0,0.8660254037844387,-0.4999999999999998
SEA_BN_BANDAR_SERI_BEGAWAN,2020-04-24,4.245,5.6899999999999995,5.6899999999999995,True,False,8.280000000000001,214.935,-3.581944444444445,-0.3838041997542916,13,0,0.8660254037844387,-0.4999999999999998
SEA_BN_BANDAR_SERI_BEGAWAN,2020-04-25,9.855,-8.89,8.89,True,False,4.245,213.255,2.0280555555555555,0.21730550309469424,14,0,0.8660254037844387,-0.4999999999999998
SEA_BN_BANDAR_SERI_BEGAWAN,2020-04-26,80.175,-60.65,60.65,True,True,9.855,286.885,72.34805555555555,7.7520709762391995,15,0,0.8660254037844387,-0.4999999999999998
SEA_BN_BANDAR_SERI_BEGAWAN,2020-04-27,6.695,0.1900000000000004,0.1900000000000004,True,False,80.175,276.015,-1.1319444444444446,-0.12128748460633876,16,0,0.8660254037844387,-0.4999999999999998
SEA_BN_BANDAR_SERI_BEGAWAN,2020-04-28,25.195,8.990000000000002,8.990000000000002,True,True,6.695,281.585,17.368055555555557,1.8609815889598356,17,0,0.8660254037844387,-0.4999999999999998
SEA_BN_BANDAR_SERI_BEGAWAN,2020-04-29,8.7,11.6,11.6,True,False,25.195,278.03,0.8730555555555544,0.09354762309637353,18,0,0.8660254037844387,-0.4999999999999998
SEA_BN_BANDAR_SERI_BEGAWAN,2020-04-30,4.245,0.8900000000000006,0.8900000000000006,True,False,8.7,266.78999999999996,-3.581944444444445,-0.3838041997542916,19,0,0.8660254037844387,-0.4999999999999998
SEA_BN_BANDAR_SERI_BEGAWAN,2020-05-01,10.72,-11.959999999999999,11.959999999999999,True,False,4.245,275.415,0.43150537634408614,0.03887929496247122,20,0,0.49999999999999994,-0.8660254037844387
SEA_BN_BANDAR_SERI_BEGAWAN,2020-05-02,9.485,-7.83,7.83,True,False,10.72,283.495,-0.8034946236559151,-0.07239609559109557,21,0,0.49999999999999994,-0.8660254037844387
SEA_BN_BANDAR_SERI_BEGAWAN,2020-05-03,6.025,6.25,6.25,True,False,9.485,285.92,-4.263494623655914,-0.38414739220270744,22,0,0.49999999999999994,-0.8660254037844387
SEA_BN_BANDAR_SERI_BEGAWAN,2020-05-04,14.025,-22.75,22.75,True,False,6.025,298.65999999999997,3.736505376344086,0.3366648542981294,23,0,0.49999999999999994,-0.8660254037844387
SEA_BN_BANDAR_SERI_BEGAWAN,2020-05-05,14.745,15.290000000000001,15.290000000000001,True,False,14.025,309.57,4.456505376344085,0.4015379564832046,24,0,0.49999999999999994,-0.8660254037844387
SEA_BN_BANDAR_SERI_BEGAWAN,2020-05-06,0.93,-0.5399999999999999,0.5399999999999999,False,False,14.745,301.14,-9.358494623655915,-0.843214691692928,0,1,0.49999999999999994,-0.8660254037844387
SEA_BN_BANDAR_SERI_BEGAWAN,2020-05-07,1.48,-1.2400000000000002,1.2400000000000002,True,False,0.93,287.605,-8.808494623655914,-0.7936588497459953,1,0,0.49999999999999994,-0.8660254037844387
SEA_BN_BANDAR_SERI_BEGAWAN,2020-05-08,14.62,-17.56,17.56,True,False,1.48,285.40500000000003,4.331505376344085,0.3902752651316291,2,0,0.49999999999999994,-0.8660254037844387
SEA_BN_BANDAR_SERI_BEGAWAN,2020-05-09,2.63,-0.94,0.94,True,False,14.62,283.225,-7.658494623655915,-0.6900420893115001,3,0,0.49999999999999994,-0.8660254037844387
SEA_BN_BANDAR_SERI_BEGAWAN,2020-05-10,1.125,0.04999999999999982,0.04999999999999982,True,False,2.63,281.175,-9.163494623655914,-0.82564489318447,4,0,0.49999999999999994,-0.8660254037844387
SEA_BN_BANDAR_SERI_BEGAWAN,2020-05-11,17.259999999999998,-0.4800000000000004,0.4800000000000004,True,False,1.125,297.555,6.9715053763440835,0.6281433064769051,5,0,0.49999999999999994,-0.8660254037844387
SEA_BN_BANDAR_SERI_BEGAWAN,2020-05-12,16.744999999999997,13.09,13.09,True,False,17.259999999999998,309.65,6.456505376344083,0.5817410181084137,6,0,0.49999999999999994,-0.8660254037844387
SEA_BN_BANDAR_SERI_BEGAWAN,2020-05-13,0.07,0.14,0.14,False,False,16.744999999999997,299.375,-10.218494623655914,-0.9207020081917678,0,1,0.49999999999999994,-0.8660254037844387
SEA_BN_BANDAR_SERI_BEGAWAN,2020-05-14,2.22,1.84,1.84,True,False,0.07,293.15000000000003,-8.068494623655914,-0.7269837169446679,1,0,0.49999999999999994,-0.8660254037844387
SEA_BN_BANDAR_SERI_BEGAWAN,2020-05-15,10.135,16.669999999999998,16.669999999999998,True,False,2.22,301.7,-0.1534946236559147,-0.013830100562902547,2,0,0.49999999999999994,-0.8660254037844387
SEA_BN_BANDAR_SERI_BEGAWAN,2020-05-16,8.77,6.74,6.74,True,False,10.135,309.115,-1.518494623655915,-0.13681869012210784,3,0,0.49999999999999994,-0.8660254037844387
SEA_BN_BANDAR_SERI_BEGAWAN,2020-05-17,25.33,-1.3399999999999999,1.3399999999999999,True,True,8.77,331.86499999999995,15.041505376344084,1.3552626601346243,4,0,0.49999999999999994,-0.8660254037844387
SEA_BN_BANDAR_SERI_BEGAWAN,2020-05-18,11.935,9.069999999999999,9.069999999999999,True,False,25.33,334.65,1.646505376344086,0.1483526548997858,5,0,0.49999999999999994,-0.8660254037844387
SEA_BN_BANDAR_SERI_BEGAWAN,2020-05-19,5.295,-1.4100000000000001,1.4100000000000001,True,False,11.935,338.05,-4.993494623655915,-0.44992150969590883,6,0,0.49999999999999994,-0.8660254037844387
SEA_BN_BANDAR_SERI_BEGAWAN,2020-05-20,5.655,-3.09,3.09,True,False,5.295,339.47999999999996,-4.633494623655914,-0.41748495860337115,7,0,0.49999999999999994,-0.8660254037844387
SEA_BN_BANDAR_SERI_BEGAWAN,2020-05-21,6.92,8.239999999999998,8.239999999999998,True,False,5.655,337.25,-3.3684946236559146,-0.30350652212542634,8,0,0.49999999999999994,-0.8660254037844387
SEA_BN_BANDAR_SERI_BEGAWAN,2020-05-22,18.08,-13.040000000000001,13.040000000000001,True,False,6.92,351.59,7.791505376344084,0.702026561743241,9,0,0.49999999999999994,-0.8660254037844387
SEA_BN_BANDAR_SERI_BEGAWAN,2020-05-23,4.140000000000001,6.680000000000001,6.680000000000001,True,False,18.08,347.45,-6.148494623655914,-0.5539887777844671,10,0,0.49999999999999994,-0.8660254037844387
SEA_BN_BANDAR_SERI_BEGAWAN,2020-05-24,7.515,-2.369999999999999,2.369999999999999,True,False,4.140000000000001,350.71999999999997,-2.773494623655915,-0.24989611129192663,11,0,0.49999999999999994,-0.8660254037844387
SEA_BN_BANDAR_SERI_BEGAWAN,2020-05-25,0.635,1.27,1.27,False,False,7.515,341.5,-9.653494623655915,-0.8697946432826463,0,1,0.49999999999999994,-0.8660254037844387
SEA_BN_BANDAR_SERI_BEGAWAN,2020-05-26,1.41,0.6199999999999999,0.6199999999999999,True,False,0.635,262.735,-8.878494623655914,-0.7999659569028778,1,0,0.49999999999999994,-0.8660254037844387
SEA_BN_BANDAR_SERI_BEGAWAN,2020-05-27,11.375,-9.05,9.05,True,False,1.41,267.415,1.0865053763440855,0.09789579764472718,2,0,0.49999999999999994,-0.8660254037844387
SEA_BN_BANDAR_SERI_BEGAWAN,2020-05-28,7.38,13.76,13.76,True,False,11.375,249.6,-2.9084946236559146,-0.26205981795162825,3,0,0.49999999999999994,-0.8660254037844387
SEA_BN_BANDAR_SERI_BEGAWAN,2020-05-29,1.77,-1.8600000000000003,1.8600000000000003,True,False,7.38,242.67,-8.518494623655915,-0.7675294058103401,4,0,0.49999999999999994,-0.8660254037844387
SEA_BN_BANDAR_SERI_BEGAWAN,2020-05-30,6.72,-8.959999999999999,8.959999999999999,True,False,1.77,245.14499999999998,-3.5684946236559147,-0.32152682828794726,5,0,0.49999999999999994,-0.8660254037844387
SEA_BN_BANDAR_SERI_BEGAWAN,2020-05-31,14.42,-25.959999999999997,25.959999999999997,True,False,6.72,248.84499999999997,4.131505376344085,0.3722549589691082,6,0,0.49999999999999994,-0.8660254037844387
SEA_BN_BANDAR_SERI_BEGAWAN,2020-06-01,24.425,-5.149999999999999,5.149999999999999,True,True,14.42,263.78499999999997,15.652083333333334,1.7610628705361597,7,0,1.2246467991473532e-16,-1.0
SEA_BN_BANDAR_SERI_BEGAWAN,2020-06-02,12.315,24.029999999999998,24.029999999999998,True,False,24.425,270.075,3.5420833333333324,0.3985304262592277,8,0,1.2246467991473532e-16,-1.0
SEA_BN_BANDAR_SERI_BEGAWAN,2020-06-03,3.125,3.0500000000000003,3.0500000000000003,True,False,12.315,259.175,-5.647916666666667,-0.6354640545752068,9,0,1.2246467991473532e-16,-1.0
SEA_BN_BANDAR_SERI_BEGAWAN,2020-06-04,17.16,15.920000000000002,15.920000000000002,True,False,3.125,261.59,8.387083333333333,0.9436559169711795,10,0,1.2246467991473532e-16,-1.0
SEA_BN_BANDAR_SERI_BEGAWAN,2020-06-05,14.265,-2.869999999999999,2.869999999999999,True,False,17.16,274.92499999999995,5.492083333333333,0.6179307785581557,11,0,1.2246467991473532e-16,-1.0
SEA_BN_BANDAR_SERI_BEGAWAN,2020-06-06,32.81,41.22,41.22,True,True,14.265,306.255,24.037083333333335,2.7044843854215497,12,0,1.2246467991473532e-16,-1.0
SEA_BN_BANDAR_SERI_BEGAWAN,2020-06-07,27.115,37.629999999999995,37.629999999999995,True,True,32.81,318.75,18.34208333333333,2.063722843707501,13,0,1.2246467991473532e-16,-1.0
SEA_BN_BANDAR_SERI_BEGAWAN,2020-06-08,0.875,1.75,1.75,False,False,27.115,316.995,-7.897916666666667,-0.888618307227816,0,1,1.2246467991473532e-16,-1.0
SEA_BN_BANDAR_SERI_BEGAWAN,2020-06-09,1.725,1.25,1.25,True,False,0.875,317.595,-7.0479166666666675,-0.7929822562257193,1,0,1.2246467991473532e-16,-1.0
SEA_BN_BANDAR_SERI_BEGAWAN,2020-06-10,5.739999999999999,11.08,11.08,True,False,1.725,306.07500000000005,-3.032916666666668,-0.34124255649228563,2,0,1.2246467991473532e-16,-1.0
SEA_BN_BANDAR_SERI_BEGAWAN,2020-06-11,1.605,2.01,2.01,True,False,5.739999999999999,290.935,-7.167916666666667,-0.8064838163671917,3,0,1.2246467991473532e-16,-1.0
SEA_BN_BANDAR_SERI_BEGAWAN,2020-06-12,2.94,-3.5200000000000005,3.5200000000000005,True,False,1.605,293.805,-5.832916666666668,-0.6562789597933103,4,0,1.2246467991473532e-16,-1.0
SEA_BN_BANDAR_SERI_BEGAWAN,2020-06-13,9.705,-15.190000000000001,15.190000000000001,True,False,2.94,301.29,0.9320833333333329,0.10487149318220118,5,0,1.2246467991473532e-16,-1.0
SEA_BN_BANDAR_SERI_BEGAWAN,2020-06-14,3.785,3.77,3.77,True,False,9.705,294.94,-4.987916666666667,-0.5612054737971082,6,0,1.2246467991473532e-16,-1.0
SEA_BN_BANDAR_SERI_BEGAWAN,2020-06-15,1.815,3.63,3.63,True,False,3.785,287.98499999999996,-6.957916666666668,-0.7828560861196149,7,0,1.2246467991473532e-16,-1.0
SEA_BN_BANDAR_SERI_BEGAWAN,2020-06-16,4.31,0.8199999999999998,0.8199999999999998,True,False,1.815,266.965,-4.4629166666666675,-0.5021361481781661,8,0,1.2246467991473532e-16,-1.0
SEA_BN_BANDAR_SERI_BEGAWAN,2020-06-17,5.1,-1.0,1.0,True,False,4.31,260.13,-3.6729166666666675,-0.41325087724680554,9,0,1.2246467991473532e-16,-1.0
SEA_BN_BANDAR_SERI_BEGAWAN,2020-06-18,36.325,-52.15,52.15,True,True,5.1,291.15999999999997,27.552083333333336,3.099967584565515,10,0,1.2246467991473532e-16,-1.0
SEA_BN_BANDAR_SERI_BEGAWAN,2020-06-19,17.645,-18.310000000000002,18.310000000000002,True,False,36.325,303.15000000000003,8.872083333333332,0.998224722542964,11,0,1.2246467991473532e-16,-1.0
SEA_BN_BANDAR_SERI_BEGAWAN,2020-06-20,12.265,-5.67,5.67,True,False,17.645,308.495,3.4920833333333334,0.39290477620028097,12,0,1.2246467991473532e-16,-1.0
SEA_BN_BANDAR_SERI_BEGAWAN,2020-06-21,14.125,-2.1499999999999986,2.1499999999999986,True,False,12.265,304.54,5.352083333333333,0.6021789583931044,13,0,1.2246467991473532e-16,-1.0
SEA_BN_BANDAR_SERI_BEGAWAN,2020-06-22,17.53,4.66,4.66,True,False,14.125,317.93,8.757083333333334,0.9852857274073864,14,0,1.2246467991473532e-16,-1.0
SEA_BN_BANDAR_SERI_BEGAWAN,2020-06-23,19.14,-5.120000000000001,5.120000000000001,True,False,17.53,329.555,10.367083333333333,1.1664316593054755,15,0,1.2246467991473532e-16,-1.0
SEA_BN_BANDAR_SERI_BEGAWAN,2020-06-24,15.935,14.27,14.27,True,False,19.14,344.855,7.162083333333333,0.8058274905269812,16,0,1.2246467991473532e-16,-1.0
SEA_BN_BANDAR_SERI_BEGAWAN,2020-06-25,27.985,-2.2300000000000004,2.2300000000000004,True,True,15.935,371.42999999999995,19.212083333333332,2.161609154733177,17,0,1.2246467991473532e-16,-1.0
SEA_BN_BANDAR_SERI_BEGAWAN,2020-06-26,8.91,13.219999999999999,13.219999999999999,True,False,27.985,368.965,0.137083333333333,0.015423657244945963,18,0,1.2246467991473532e-16,-1.0
SEA_BN_BANDAR_SERI_BEGAWAN,2020-06-27,31.165,-3.070000000000004,3.070000000000004,True,True,8.91,392.75,22.392083333333332,2.5194004984821974,19,0,1.2246467991473532e-16,-1.0
SEA_BN_BANDAR_SERI_BEGAWAN,2020-06-28,5.49,9.379999999999999,9.379999999999999,True,False,31.165,396.47,-3.282916666666667,-0.3693708067870199,20,0,1.2246467991473532e-16,-1.0
SEA_BN_BANDAR_SERI_BEGAWAN,2020-06-29,0.475,0.95,0.95,False,False,5.49,390.225,-8.297916666666667,-0.933623507699391,0,1,1.2246467991473532e-16,-1.0
SEA_BN_BANDAR_SERI_BEGAWAN,2020-06-30,1.605,2.01,2.01,True,False,0.475,377.41,-7.167916666666667,-0.8064838163671917,1,0,1.2246467991473532e-16,-1.0
SEA_BN_BANDAR_SERI_BEGAWAN,2020-07-01,5.155,6.110000000000001,6.110000000000001,True,False,1.605,358.14,-4.799408602150538,-0.3383836137944249,2,0,-0.4999999999999997,-0.8660254037844388
SEA_BN_BANDAR_SERI_BEGAWAN,2020-07-02,5.805,0.009999999999999787,0.009999999999999787,True,False,5.155,351.63,-4.1494086021505385,-0.29255518633612926,3,0,-0.4999999999999997,-0.8660254037844388
SEA_BN_BANDAR_SERI_BEGAWAN,2020-07-03,8.58,-3.04,3.04,True,False,5.805,357.085,-1.3744086021505382,-0.09690305372571308,4,0,-0.4999999999999997,-0.8660254037844388
SEA_BN_BANDAR_SERI_BEGAWAN,2020-07-04,8.64,8.68,8.68,True,False,8.58,348.565,-1.3144086021505377,-0.09267273734494728,5,0,-0.4999999999999997,-0.8660254037844388
SEA_BN_BANDAR_SERI_BEGAWAN,2020-07-05,9.48,-0.8399999999999999,0.8399999999999999,True,False,8.64,343.78,-0.4744086021505378,-0.033448308014226734,6,0,-0.4999999999999997,-0.8660254037844388
SEA_BN_BANDAR_SERI_BEGAWAN,2020-07-06,7.495,-11.209999999999999,11.209999999999999,True,False,9.48,318.465,-2.459408602150538,-0.17340127494456048,7,0,-0.4999999999999997,-0.8660254037844388
SEA_BN_BANDAR_SERI_BEGAWAN,2020-07-07,19.36,-13.079999999999998,13.079999999999998,True,False,7.495,310.71,9.405591397849461,0.6631437893518675,8,0,-0.4999999999999997,-0.8660254037844388
SEA_BN_BANDAR_SERI_BEGAWAN,2020-07-08,17.395,-22.41,22.41,True,False,19.36,327.22999999999996,7.440591397849461,0.524600927881789,9,0,-0.4999999999999997,-0.8660254037844388
SEA_BN_BANDAR_SERI_BEGAWAN,2020-07-09,24.32,-11.560000000000002,11.560000000000002,True,True,17.395,349.82500000000005,14.365591397849462,1.0128499434951699,10,0,-0.4999999999999997,-0.8660254037844388
SEA_BN_BANDAR_SERI_BEGAWAN,2020-07-10,55.83,45.66,45.66,True,True,24.32,399.915,45.87559139784946,3.2344710961273186,11,0,-0.4999999999999997,-0.8660254037844388
SEA_BN_BANDAR_SERI_BEGAWAN,2020-07-11,40.91,79.02,79.02,True,True,55.83,439.21999999999997,30.95559139784946,2.182532422776901,12,0,-0.4999999999999997,-0.8660254037844388
SEA_BN_BANDAR_SERI_BEGAWAN,2020-07-12,1.145,2.09,2.09,True,False,40.91,437.425,-8.809408602150539,-0.6211097585756029,13,0,-0.4999999999999997,-0.8660254037844388
SEA_BN_BANDAR_SERI_BEGAWAN,2020-07-13,23.57,11.939999999999998,11.939999999999998,True,True,1.145,451.29,13.615591397849462,0.9599709887355979,14,0,-0.4999999999999997,-0.8660254037844388
SEA_BN_BANDAR_SERI_BEGAWAN,2020-07-14,32.795,5.989999999999998,5.989999999999998,True,True,23.57,480.29999999999995,22.840591397849465,1.610382132278333,15,0,-0.4999999999999997,-0.8660254037844388
SEA_BN_BANDAR_SERI_BEGAWAN,2020-07-15,15.185,25.970000000000002,25.970000000000002,True,False,32.795,493.66999999999996,5.230591397849462,0.36878427452358375,16,0,-0.4999999999999997,-0.8660254037844388
SEA_BN_BANDAR_SERI_BEGAWAN,2020-07-16,15.39,4.780000000000001,4.780000000000001,True,False,15.185,504.75,5.435591397849462,0.3832378554912001,17,0,-0.4999999999999997,-0.8660254037844388
SEA_BN_BANDAR_SERI_BEGAWAN,2020-07-17,4.15,7.3,7.3,True,False,15.39,503.8,-5.804408602150538,-0.40924141317225127,18,0,-0.4999999999999997,-0.8660254037844388
SEA_BN_BANDAR_SERI_BEGAWAN,2020-07-18,7.93,-5.539999999999999,5.539999999999999,True,False,4.15,475.40500000000003,-2.0244086021505385,-0.14273148118400877,19,0,-0.4999999999999997,-0.8660254037844388
