entity_id,country,location_name,year_month,year,month,monthly_precip_mm,monthly_nasa_precip_mm,monthly_open_meteo_precip_mm,mean_daily_source_abs_diff_mm,rainy_days,heavy_rain_days,monthly_source_bias_mm
SEA_BN_BANDAR_SERI_BEGAWAN,Brunei,Bandar Seri Begawan,2020-01-01,2020,1,185.085,121.37,248.79999999999998,4.870645161290323,23,2,-127.42999999999998
SEA_BN_BANDAR_SERI_BEGAWAN,Brunei,Bandar Seri Begawan,2020-02-01,2020,2,166.875,232.15,101.60000000000001,8.442413793103448,17,2,130.55
SEA_BN_BANDAR_SERI_BEGAWAN,Brunei,Bandar Seri Begawan,2020-03-01,2020,3,300.39,366.88,233.9,9.53741935483871,25,4,132.98
SEA_BN_BANDAR_SERI_BEGAWAN,Brunei,Bandar Seri Begawan,2020-04-01,2020,4,266.79,207.48,326.1,6.961333333333333,29,2,-118.62000000000003
SEA_BN_BANDAR_SERI_BEGAWAN,Brunei,Bandar Seri Begawan,2020-05-01,2020,5,259.565,244.23,274.9,7.422258064516128,28,1,-30.669999999999987
SEA_BN_BANDAR_SERI_BEGAWAN,Brunei,Bandar Seri Begawan,2020-06-01,2020,6,377.41,414.52,340.3,10.235999999999999,28,6,74.21999999999997
SEA_BN_BANDAR_SERI_BEGAWAN,Brunei,Bandar Seri Begawan,2020-07-01,2020,7,619.25,659.6,578.9,20.101935483870967,31,10,80.70000000000005
SEA_BN_BANDAR_SERI_BEGAWAN,Brunei,Bandar Seri Begawan,2020-08-01,2020,8,231.01500000000001,258.83,203.2,5.440967741935484,25,2,55.629999999999995
SEA_BN_BANDAR_SERI_BEGAWAN,Brunei,Bandar Seri Begawan,2020-09-01,2020,9,443.05,381.9,504.2,10.132000000000001,25,6,-122.30000000000001
SEA_BN_BANDAR_SERI_BEGAWAN,Brunei,Bandar Seri Begawan,2020-10-01,2020,10,344.135,422.47,265.8,8.118387096774192,29,5,156.67000000000002
SEA_BN_BANDAR_SERI_BEGAWAN,Brunei,Bandar Seri Begawan,2020-11-01,2020,11,371.835,390.37,353.3,5.285666666666668,29,6,37.06999999999999
SEA_BN_BANDAR_SERI_BEGAWAN,Brunei,Bandar Seri Begawan,2020-12-01,2020,12,323.985,359.87,288.1,7.418387096774193,31,4,71.76999999999998
SEA_BN_BANDAR_SERI_BEGAWAN,Brunei,Bandar Seri Begawan,2021-01-01,2021,1,441.115,510.83,371.4,8.350000000000001,30,6,139.43
SEA_BN_BANDAR_SERI_BEGAWAN,Brunei,Bandar Seri Begawan,2021-02-01,2021,2,193.785,185.47,202.1,2.945357142857143,24,1,-16.629999999999995
SEA_BN_BANDAR_SERI_BEGAWAN,Brunei,Bandar Seri Begawan,2021-03-01,2021,3,202.185,169.77,234.6,4.380967741935484,26,1,-64.82999999999998
SEA_BN_BANDAR_SERI_BEGAWAN,Brunei,Bandar Seri Begawan,2021-04-01,2021,4,134.485,95.17,173.8,3.6456666666666666,21,1,-78.63000000000001
SEA_BN_BANDAR_SERI_BEGAWAN,Brunei,Bandar Seri Begawan,2021-05-01,2021,5,390.78000000000003,413.66,367.9,7.361290322580645,28,7,45.76000000000005
SEA_BN_BANDAR_SERI_BEGAWAN,Brunei,Bandar Seri Begawan,2021-06-01,2021,6,211.155,205.31,217.0,4.382333333333333,25,1,-11.689999999999998
SEA_BN_BANDAR_SERI_BEGAWAN,Brunei,Bandar Seri Begawan,2021-07-01,2021,7,268.34,308.98,227.7,6.22,26,3,81.28000000000003
SEA_BN_BANDAR_SERI_BEGAWAN,Brunei,Bandar Seri Begawan,2021-08-01,2021,8,577.0,488.2,665.8,16.78838709677419,28,13,-177.59999999999997
SEA_BN_BANDAR_SERI_BEGAWAN,Brunei,Bandar Seri Begawan,2021-09-01,2021,9,337.745,344.59,330.9,9.721666666666668,25,7,13.689999999999998
SEA_BN_BANDAR_SERI_BEGAWAN,Brunei,Bandar Seri Begawan,2021-10-01,2021,10,466.135,436.07,496.2,15.173870967741935,27,8,-60.129999999999995
SEA_BN_BANDAR_SERI_BEGAWAN,Brunei,Bandar Seri Begawan,2021-11-01,2021,11,316.065,317.43,314.7,7.791,29,4,2.730000000000018
SEA_BN_BANDAR_SERI_BEGAWAN,Brunei,Bandar Seri Begawan,2021-12-01,2021,12,280.36,275.12,285.6,6.82,30,3,-10.480000000000018
SEA_BN_BANDAR_SERI_BEGAWAN,Brunei,Bandar Seri Begawan,2022-01-01,2022,1,282.215,276.43,288.0,5.377096774193548,30,2,-11.569999999999993
SEA_BN_BANDAR_SERI_BEGAWAN,Brunei,Bandar Seri Begawan,2022-02-01,2022,2,213.09,169.08,257.1,6.872142857142857,26,4,-88.02000000000001
SEA_BN_BANDAR_SERI_BEGAWAN,Brunei,Bandar Seri Begawan,2022-03-01,2022,3,335.61,330.62,340.6,8.804516129032258,30,3,-9.980000000000018
SEA_BN_BANDAR_SERI_BEGAWAN,Brunei,Bandar Seri Begawan,2022-04-01,2022,4,278.84000000000003,339.18,218.5,6.803333333333334,24,4,120.68
SEA_BN_BANDAR_SERI_BEGAWAN,Brunei,Bandar Seri Begawan,2022-05-01,2022,5,267.74,275.48,260.0,6.491612903225806,21,2,15.480000000000018
SEA_BN_BANDAR_SERI_BEGAWAN,Brunei,Bandar Seri Begawan,2022-06-01,2022,6,312.695,303.09000000000003,322.3,10.633000000000001,30,2,-19.20999999999998
SEA_BN_BANDAR_SERI_BEGAWAN,Brunei,Bandar Seri Begawan,2022-07-01,2022,7,232.81,274.72,190.9,5.774193548387097,25,3,83.82000000000002
SEA_BN_BANDAR_SERI_BEGAWAN,Brunei,Bandar Seri Begawan,2022-08-01,2022,8,308.655,269.41,347.90000000000003,8.136451612903226,30,5,-78.49000000000001
SEA_BN_BANDAR_SERI_BEGAWAN,Brunei,Bandar Seri Begawan,2022-09-01,2022,9,334.805,319.71,349.90000000000003,6.659666666666666,28,5,-30.190000000000055
SEA_BN_BANDAR_SERI_BEGAWAN,Brunei,Bandar Seri Begawan,2022-10-01,2022,10,571.4,512.5,630.3,12.350967741935484,31,11,-117.79999999999995
SEA_BN_BANDAR_SERI_BEGAWAN,Brunei,Bandar Seri Begawan,2022-11-01,2022,11,326.105,297.61,354.6,9.539666666666667,30,4,-56.99000000000001
SEA_BN_BANDAR_SERI_BEGAWAN,Brunei,Bandar Seri Begawan,2022-12-01,2022,12,436.325,427.25,445.4,10.794516129032258,31,10,-18.149999999999977
SEA_BN_BANDAR_SERI_BEGAWAN,Brunei,Bandar Seri Begawan,2023-01-01,2023,1,416.435,389.17,443.70000000000005,9.76741935483871,29,7,-54.53000000000003
SEA_BN_BANDAR_SERI_BEGAWAN,Brunei,Bandar Seri Begawan,2023-02-01,2023,2,207.29,210.18,204.4,5.548571428571428,27,1,5.780000000000001
SEA_BN_BANDAR_SERI_BEGAWAN,Brunei,Bandar Seri Begawan,2023-03-01,2023,3,230.905,179.21,282.6,6.63516129032258,29,2,-103.39000000000001
SEA_BN_BANDAR_SERI_BEGAWAN,Brunei,Bandar Seri Begawan,2023-04-01,2023,4,173.14000000000001,136.38,209.9,5.3020000000000005,28,0,-73.52000000000001
SEA_BN_BANDAR_SERI_BEGAWAN,Brunei,Bandar Seri Begawan,2023-05-01,2023,5,207.19,175.38,239.0,4.329032258064516,27,3,-63.620000000000005
SEA_BN_BANDAR_SERI_BEGAWAN,Brunei,Bandar Seri Begawan,2023-06-01,2023,6,174.675,130.35,219.0,5.489,25,0,-88.65
SEA_BN_BANDAR_SERI_BEGAWAN,Brunei,Bandar Seri Begawan,2023-07-01,2023,7,372.775,379.15,366.4,8.980322580645161,26,6,12.75
SEA_BN_BANDAR_SERI_BEGAWAN,Brunei,Bandar Seri Begawan,2023-08-01,2023,8,156.88,137.16,176.6,3.7451612903225806,25,0,-39.44
SEA_BN_BANDAR_SERI_BEGAWAN,Brunei,Bandar Seri Begawan,2023-09-01,2023,9,357.165,424.43,289.9,7.382333333333333,28,7,134.53000000000003
SEA_BN_BANDAR_SERI_BEGAWAN,Brunei,Bandar Seri Begawan,2023-10-01,2023,10,284.59,216.58,352.6,9.238709677419356,31,1,-136.02
SEA_BN_BANDAR_SERI_BEGAWAN,Brunei,Bandar Seri Begawan,2023-11-01,2023,11,345.54,291.48,399.6,8.772666666666668,30,3,-108.12
SEA_BN_BANDAR_SERI_BEGAWAN,Brunei,Bandar Seri Begawan,2023-12-01,2023,12,346.505,313.11,379.9,8.194516129032257,31,5,-66.78999999999996
SEA_BN_BANDAR_SERI_BEGAWAN,Brunei,Bandar Seri Begawan,2024-01-01,2024,1,248.825,205.95,291.7,7.569354838709677,27,2,-85.75
SEA_BN_BANDAR_SERI_BEGAWAN,Brunei,Bandar Seri Begawan,2024-02-01,2024,2,135.12,88.24,182.0,4.468275862068966,19,0,-93.76
SEA_BN_BANDAR_SERI_BEGAWAN,Brunei,Bandar Seri Begawan,2024-03-01,2024,3,134.87,33.34,236.4,6.975483870967742,22,0,-203.06
SEA_BN_BANDAR_SERI_BEGAWAN,Brunei,Bandar Seri Begawan,2024-04-01,2024,4,305.725,218.65,392.8,6.878333333333334,29,4,-174.15
SEA_BN_BANDAR_SERI_BEGAWAN,Brunei,Bandar Seri Begawan,2024-05-01,2024,5,573.825,475.55,672.1,15.884193548387097,31,12,-196.55
SEA_BN_BANDAR_SERI_BEGAWAN,Brunei,Bandar Seri Begawan,2024-06-01,2024,6,358.805,342.81,374.8,9.555,28,3,-31.99000000000001
SEA_BN_BANDAR_SERI_BEGAWAN,Brunei,Bandar Seri Begawan,2024-07-01,2024,7,245.095,271.19,219.0,6.321612903225806,25,2,52.19
SEA_BN_BANDAR_SERI_BEGAWAN,Brunei,Bandar Seri Begawan,2024-08-01,2024,8,443.62,487.84,399.4,11.539354838709677,31,5,88.44
SEA_BN_BANDAR_SERI_BEGAWAN,Brunei,Bandar Seri Begawan,2024-09-01,2024,9,190.35,245.9,134.8,5.752,23,1,111.1
SEA_BN_BANDAR_SERI_BEGAWAN,Brunei,Bandar Seri Begawan,2024-10-01,2024,10,278.96500000000003,352.23,205.7,6.92225806451613,29,1,146.53000000000003
SEA_BN_BANDAR_SERI_BEGAWAN,Brunei,Bandar Seri Begawan,2024-11-01,2024,11,371.05,380.3,361.8,11.703333333333335,28,5,18.5
SEA_BN_BANDAR_SERI_BEGAWAN,Brunei,Bandar Seri Begawan,2024-12-01,2024,12,358.145,368.99,347.3,6.954516129032259,29,5,21.689999999999998
SEA_BN_BANDAR_SERI_BEGAWAN,Brunei,Bandar Seri Begawan,2025-01-01,2025,1,506.70500000000004,560.71,452.7,9.34032258064516,30,11,108.01000000000005
SEA_BN_BANDAR_SERI_BEGAWAN,Brunei,Bandar Seri Begawan,2025-02-01,2025,2,313.27,308.44,318.1,6.352857142857142,26,4,-9.660000000000025
SEA_BN_BANDAR_SERI_BEGAWAN,Brunei,Bandar Seri Begawan,2025-03-01,2025,3,314.9,337.3,292.5,7.11225806451613,26,5,44.80000000000001
SEA_BN_BANDAR_SERI_BEGAWAN,Brunei,Bandar Seri Begawan,2025-04-01,2025,4,249.87,238.94,260.8,6.3693333333333335,26,3,-21.860000000000014
SEA_BN_BANDAR_SERI_BEGAWAN,Brunei,Bandar Seri Begawan,2025-05-01,2025,5,214.56,163.42,265.7,5.335483870967742,21,2,-102.28
SEA_BN_BANDAR_SERI_BEGAWAN,Brunei,Bandar Seri Begawan,2025-06-01,2025,6,144.385,168.77,120.0,2.6823333333333332,17,1,48.77000000000001
SEA_BN_BANDAR_SERI_BEGAWAN,Brunei,Bandar Seri Begawan,2025-07-01,2025,7,113.25,174.0,52.5,4.88516129032258,20,1,121.5
SEA_BN_BANDAR_SERI_BEGAWAN,Brunei,Bandar Seri Begawan,2025-08-01,2025,8,446.85,471.8,421.9,10.983870967741936,28,6,49.900000000000034
SEA_BN_BANDAR_SERI_BEGAWAN,Brunei,Bandar Seri Begawan,2025-09-01,2025,9,391.79,457.98,325.6,8.265333333333334,23,11,132.38
SEA_BN_BANDAR_SERI_BEGAWAN,Brunei,Bandar Seri Begawan,2025-10-01,2025,10,264.08,299.66,228.5,8.14258064516129,26,2,71.16000000000003
SEA_BN_BANDAR_SERI_BEGAWAN,Brunei,Bandar Seri Begawan,2025-11-01,2025,11,319.445,348.39,290.5,6.415666666666667,27,4,57.889999999999986
SEA_BN_BANDAR_SERI_BEGAWAN,Brunei,Bandar Seri Begawan,2025-12-01,2025,12,381.515,404.63,358.4,7.497096774193548,31,4,46.23000000000002
SEA_ID_JAKARTA,Indonesia,Jakarta,2020-01-01,2020,1,407.12,386.54,427.7,9.939354838709678,31,6,-41.15999999999997
SEA_ID_JAKARTA,Indonesia,Jakarta,2020-02-01,2020,2,490.88,596.86,384.9,12.610344827586207,29,9,211.96000000000004
SEA_ID_JAKARTA,Indonesia,Jakarta,2020-03-01,2020,3,330.40999999999997,334.92,325.9,5.34,31,6,9.020000000000039
SEA_ID_JAKARTA,Indonesia,Jakarta,2020-04-01,2020,4,243.27,206.04,280.5,5.734666666666667,29,2,-74.46000000000001
SEA_ID_JAKARTA,Indonesia,Jakarta,2020-05-01,2020,5,205.185,174.17000000000002,236.2,5.10741935483871,29,0,-62.02999999999997
SEA_ID_JAKARTA,Indonesia,Jakarta,2020-06-01,2020,6,92.205,62.31,122.10000000000001,2.333666666666667,23,0,-59.790000000000006
SEA_ID_JAKARTA,Indonesia,Jakarta,2020-07-01,2020,7,82.935,86.37,79.5,2.3061290322580645,21,0,6.8700000000000045
SEA_ID_JAKARTA,Indonesia,Jakarta,2020-08-01,2020,8,64.425,55.85,73.0,1.233225806451613,13,1,-17.15
SEA_ID_JAKARTA,Indonesia,Jakarta,2020-09-01,2020,9,102.305,116.11,88.5,2.8983333333333334,18,0,27.61
SEA_ID_JAKARTA,Indonesia,Jakarta,2020-10-01,2020,10,216.595,205.79,227.4,5.806129032258065,30,2,-21.610000000000014
SEA_ID_JAKARTA,Indonesia,Jakarta,2020-11-01,2020,11,222.49,238.78000000000003,206.2,7.833333333333333,30,1,32.58000000000004
SEA_ID_JAKARTA,Indonesia,Jakarta,2020-12-01,2020,12,237.445,229.69,245.2,4.822258064516129,31,0,-15.509999999999991
SEA_ID_JAKARTA,Indonesia,Jakarta,2021-01-01,2021,1,382.69,340.58,424.8,9.300645161290323,31,6,-84.22000000000003
SEA_ID_JAKARTA,Indonesia,Jakarta,2021-02-01,2021,2,548.915,695.23,402.6,14.278214285714286,28,11,292.63
SEA_ID_JAKARTA,Indonesia,Jakarta,2021-03-01,2021,3,325.655,413.51,237.8,8.744193548387097,31,4,175.70999999999998
SEA_ID_JAKARTA,Indonesia,Jakarta,2021-04-01,2021,4,179.155,207.51,150.8,3.9623333333333335,27,0,56.70999999999998
SEA_ID_JAKARTA,Indonesia,Jakarta,2021-05-01,2021,5,152.805,140.41,165.2,4.235161290322581,26,1,-24.789999999999992
SEA_ID_JAKARTA,Indonesia,Jakarta,2021-06-01,2021,6,148.11,146.92,149.3,4.2026666666666666,29,1,-2.380000000000024
SEA_ID_JAKARTA,Indonesia,Jakarta,2021-07-01,2021,7,50.16,52.92,47.4,0.7825806451612903,14,0,5.520000000000003
SEA_ID_JAKARTA,Indonesia,Jakarta,2021-08-01,2021,8,91.125,68.05,114.2,2.759677419354839,17,1,-46.150000000000006
SEA_ID_JAKARTA,Indonesia,Jakarta,2021-09-01,2021,9,139.09,114.67999999999999,163.5,2.8766666666666665,22,0,-48.82000000000001
SEA_ID_JAKARTA,Indonesia,Jakarta,2021-10-01,2021,10,169.04,170.98,167.1,2.7038709677419352,26,0,3.8799999999999955
SEA_ID_JAKARTA,Indonesia,Jakarta,2021-11-01,2021,11,263.985,286.27,241.7,7.792333333333334,30,2,44.56999999999999
SEA_ID_JAKARTA,Indonesia,Jakarta,2021-12-01,2021,12,306.665,312.13,301.2,5.457741935483871,30,1,10.930000000000007
SEA_ID_JAKARTA,Indonesia,Jakarta,2022-01-01,2022,1,241.07,249.24,232.9,5.858064516129032,27,1,16.340000000000003
SEA_ID_JAKARTA,Indonesia,Jakarta,2022-02-01,2022,2,215.74,222.98,208.5,5.142142857142857,28,2,14.47999999999999
SEA_ID_JAKARTA,Indonesia,Jakarta,2022-03-01,2022,3,263.855,261.61,266.1,6.723548387096773,31,1,-4.490000000000009
SEA_ID_JAKARTA,Indonesia,Jakarta,2022-04-01,2022,4,247.735,285.37,210.1,8.811,30,1,75.27000000000001
SEA_ID_JAKARTA,Indonesia,Jakarta,2022-05-01,2022,5,149.9,146.2,153.6,3.686451612903226,30,0,-7.400000000000006
SEA_ID_JAKARTA,Indonesia,Jakarta,2022-06-01,2022,6,162.155,136.31,188.0,4.862333333333334,29,0,-51.69
SEA_ID_JAKARTA,Indonesia,Jakarta,2022-07-01,2022,7,125.39,128.57999999999998,122.2,4.171612903225806,20,1,6.379999999999981
SEA_ID_JAKARTA,Indonesia,Jakarta,2022-08-01,2022,8,118.095,91.49,144.7,3.1816129032258065,22,0,-53.209999999999994
SEA_ID_JAKARTA,Indonesia,Jakarta,2022-09-01,2022,9,167.875,140.85,194.9,3.8476666666666666,27,1,-54.05000000000001
SEA_ID_JAKARTA,Indonesia,Jakarta,2022-10-01,2022,10,272.19,235.88,308.5,6.119354838709678,31,1,-72.62
SEA_ID_JAKARTA,Indonesia,Jakarta,2022-11-01,2022,11,247.335,214.77,279.9,7.130333333333334,29,1,-65.12999999999997
SEA_ID_JAKARTA,Indonesia,Jakarta,2022-12-01,2022,12,266.345,234.39000000000001,298.3,6.6725806451612915,31,1,-63.91
SEA_ID_JAKARTA,Indonesia,Jakarta,2023-01-01,2023,1,191.08,169.56,212.6,4.127096774193548,31,2,-43.03999999999999
SEA_ID_JAKARTA,Indonesia,Jakarta,2023-02-01,2023,2,389.7,442.0,337.4,9.18857142857143,28,5,104.60000000000002
SEA_ID_JAKARTA,Indonesia,Jakarta,2023-03-01,2023,3,256.545,231.09,282.0,5.9551612903225815,30,1,-50.91
SEA_ID_JAKARTA,Indonesia,Jakarta,2023-04-01,2023,4,130.575,114.65,146.5,4.070333333333333,26,0,-31.849999999999994
SEA_ID_JAKARTA,Indonesia,Jakarta,2023-05-01,2023,5,152.53,172.46,132.6,5.305806451612904,26,1,39.860000000000014
SEA_ID_JAKARTA,Indonesia,Jakarta,2023-06-01,2023,6,132.42,107.14,157.7,2.9766666666666666,25,0,-50.55999999999999
SEA_ID_JAKARTA,Indonesia,Jakarta,2023-07-01,2023,7,56.995,38.59,75.4,1.5351612903225809,14,0,-36.81
SEA_ID_JAKARTA,Indonesia,Jakarta,2023-08-01,2023,8,22.494999999999997,17.490000000000002,27.5,0.8558064516129033,6,0,-10.009999999999998
SEA_ID_JAKARTA,Indonesia,Jakarta,2023-09-01,2023,9,11.629999999999999,2.16,21.099999999999998,0.6579999999999999,3,0,-18.939999999999998
SEA_ID_JAKARTA,Indonesia,Jakarta,2023-10-01,2023,10,51.25,34.5,68.0,1.6548387096774193,13,0,-33.5
SEA_ID_JAKARTA,Indonesia,Jakarta,2023-11-01,2023,11,215.745,166.59,264.9,4.824333333333333,29,0,-98.30999999999997
SEA_ID_JAKARTA,Indonesia,Jakarta,2023-12-01,2023,12,158.99,128.28,189.7,4.4554838709677425,26,0,-61.41999999999999
SEA_ID_JAKARTA,Indonesia,Jakarta,2024-01-01,2024,1,345.555,338.71000000000004,352.4,8.871290322580645,30,3,-13.68999999999994
SEA_ID_JAKARTA,Indonesia,Jakarta,2024-02-01,2024,2,294.86,324.21999999999997,265.5,6.693103448275862,29,2,58.71999999999997
SEA_ID_JAKARTA,Indonesia,Jakarta,2024-03-01,2024,3,284.115,293.03,275.2,7.224193548387096,29,2,17.829999999999984
SEA_ID_JAKARTA,Indonesia,Jakarta,2024-04-01,2024,4,252.385,213.07,291.7,6.431666666666667,29,2,-78.63
SEA_ID_JAKARTA,Indonesia,Jakarta,2024-05-01,2024,5,143.765,80.03,207.5,5.233225806451612,22,1,-127.47
SEA_ID_JAKARTA,Indonesia,Jakarta,2024-06-01,2024,6,143.555,142.71,144.4,4.793666666666667,23,1,-1.6899999999999977
SEA_ID_JAKARTA,Indonesia,Jakarta,2024-07-01,2024,7,136.325,176.35,96.3,4.828709677419355,9,3,80.05
SEA_ID_JAKARTA,Indonesia,Jakarta,2024-08-01,2024,8,39.15,40.6,37.699999999999996,0.6103225806451612,7,0,2.9000000000000057
SEA_ID_JAKARTA,Indonesia,Jakarta,2024-09-01,2024,9,120.87,115.74,126.0,3.6453333333333333,17,1,-10.260000000000005
SEA_ID_JAKARTA,Indonesia,Jakarta,2024-10-01,2024,10,108.685,111.47,105.89999999999999,4.2938709677419356,20,0,5.570000000000007
SEA_ID_JAKARTA,Indonesia,Jakarta,2024-11-01,2024,11,245.195,222.89,267.5,6.810333333333333,29,1,-44.610000000000014
SEA_ID_JAKARTA,Indonesia,Jakarta,2024-12-01,2024,12,334.81,339.52,330.1,6.646451612903226,30,1,9.419999999999959
SEA_ID_JAKARTA,Indonesia,Jakarta,2025-01-01,2025,1,486.5,553.6,419.4,11.778064516129032,30,11,134.20000000000005
SEA_ID_JAKARTA,Indonesia,Jakarta,2025-02-01,2025,2,268.05,292.4,243.7,7.247857142857143,28,3,48.69999999999999
SEA_ID_JAKARTA,Indonesia,Jakarta,2025-03-01,2025,3,273.83,211.36,336.3,8.333548387096773,31,2,-124.94
SEA_ID_JAKARTA,Indonesia,Jakarta,2025-04-01,2025,4,220.245,205.39,235.1,6.160333333333333,29,1,-29.710000000000008
SEA_ID_JAKARTA,Indonesia,Jakarta,2025-05-01,2025,5,262.325,246.75,277.9,8.17451612903226,28,3,-31.149999999999977
SEA_ID_JAKARTA,Indonesia,Jakarta,2025-06-01,2025,6,204.8,209.3,200.3,7.36,27,2,9.0
SEA_ID_JAKARTA,Indonesia,Jakarta,2025-07-01,2025,7,161.1,165.0,157.2,5.055483870967742,20,2,7.800000000000011
SEA_ID_JAKARTA,Indonesia,Jakarta,2025-08-01,2025,8,165.67,159.04,172.29999999999998,4.316129032258065,22,0,-13.259999999999991
SEA_ID_JAKARTA,Indonesia,Jakarta,2025-09-01,2025,9,160.645,163.19,158.1,4.425666666666667,26,0,5.090000000000003
SEA_ID_JAKARTA,Indonesia,Jakarta,2025-10-01,2025,10,224.48000000000002,212.06,236.9,5.621935483870968,29,2,-24.840000000000003
SEA_ID_JAKARTA,Indonesia,Jakarta,2025-11-01,2025,11,199.85,215.5,184.2,5.3020000000000005,27,2,31.30000000000001
SEA_ID_JAKARTA,Indonesia,Jakarta,2025-12-01,2025,12,263.995,291.59,236.4,7.462903225806452,29,2,55.18999999999997
SEA_KH_PHNOM_PENH,Cambodia,Phnom Penh,2020-01-01,2020,1,24.24,26.58,21.9,0.9283870967741936,4,0,4.68
SEA_KH_PHNOM_PENH,Cambodia,Phnom Penh,2020-02-01,2020,2,2.77,2.14,3.4,0.1193103448275862,1,0,-1.2599999999999998
SEA_KH_PHNOM_PENH,Cambodia,Phnom Penh,2020-03-01,2020,3,20.07,34.14,6.0,1.1509677419354838,7,0,28.14
SEA_KH_PHNOM_PENH,Cambodia,Phnom Penh,2020-04-01,2020,4,122.28,146.86,97.7,6.074666666666667,20,0,49.16000000000001
SEA_KH_PHNOM_PENH,Cambodia,Phnom Penh,2020-05-01,2020,5,97.2,92.3,102.1,3.0148387096774196,19,1,-9.799999999999997
SEA_KH_PHNOM_PENH,Cambodia,Phnom Penh,2020-06-01,2020,6,473.86,703.62,244.1,23.147333333333332,28,4,459.52
SEA_KH_PHNOM_PENH,Cambodia,Phnom Penh,2020-07-01,2020,7,191.19,166.68,215.7,7.129677419354839,30,1,-49.01999999999998
SEA_KH_PHNOM_PENH,Cambodia,Phnom Penh,2020-08-01,2020,8,204.085,174.17,234.0,7.773225806451614,22,2,-59.83000000000001
SEA_KH_PHNOM_PENH,Cambodia,Phnom Penh,2020-09-01,2020,9,273.39,280.88,265.9,8.84,29,4,14.980000000000018
SEA_KH_PHNOM_PENH,Cambodia,Phnom Penh,2020-10-01,2020,10,414.425,496.85,332.0,12.18483870967742,27,7,164.85000000000002
SEA_KH_PHNOM_PENH,Cambodia,Phnom Penh,2020-11-01,2020,11,104.2,98.6,109.80000000000001,5.132666666666666,15,2,-11.200000000000017
SEA_KH_PHNOM_PENH,Cambodia,Phnom Penh,2020-12-01,2020,12,44.215,67.73,20.7,1.6429032258064515,10,0,47.03
SEA_KH_PHNOM_PENH,Cambodia,Phnom Penh,2021-01-01,2021,1,8.62,11.54,5.7,0.3903225806451613,5,0,5.839999999999999
SEA_KH_PHNOM_PENH,Cambodia,Phnom Penh,2021-02-01,2021,2,17.2,10.8,23.6,0.9014285714285715,5,0,-12.8
SEA_KH_PHNOM_PENH,Cambodia,Phnom Penh,2021-03-01,2021,3,10.52,10.14,10.9,0.516774193548387,2,0,-0.7599999999999998
SEA_KH_PHNOM_PENH,Cambodia,Phnom Penh,2021-04-01,2021,4,125.455,111.31,139.6,3.8256666666666663,27,0,-28.289999999999992
SEA_KH_PHNOM_PENH,Cambodia,Phnom Penh,2021-05-01,2021,5,202.88,243.46,162.3,5.967741935483871,28,1,81.16
SEA_KH_PHNOM_PENH,Cambodia,Phnom Penh,2021-06-01,2021,6,95.705,121.11,70.3,3.7296666666666667,21,0,50.81
SEA_KH_PHNOM_PENH,Cambodia,Phnom Penh,2021-07-01,2021,7,235.515,299.33,171.70000000000002,7.6499999999999995,25,3,127.62999999999997
SEA_KH_PHNOM_PENH,Cambodia,Phnom Penh,2021-08-01,2021,8,259.03,261.06,257.0,8.603870967741935,25,4,4.060000000000002
SEA_KH_PHNOM_PENH,Cambodia,Phnom Penh,2021-09-01,2021,9,324.14,329.28,319.0,7.0633333333333335,29,4,10.279999999999973
SEA_KH_PHNOM_PENH,Cambodia,Phnom Penh,2021-10-01,2021,10,302.63,240.56,364.7,10.006451612903225,28,3,-124.13999999999999
SEA_KH_PHNOM_PENH,Cambodia,Phnom Penh,2021-11-01,2021,11,289.45,213.0,365.9,9.063333333333333,26,4,-152.89999999999998
SEA_KH_PHNOM_PENH,Cambodia,Phnom Penh,2021-12-01,2021,12,36.0,31.5,40.5,0.7238709677419355,5,0,-9.0
SEA_KH_PHNOM_PENH,Cambodia,Phnom Penh,2022-01-01,2022,1,5.58,5.36,5.8,0.1870967741935484,1,0,-0.4399999999999995
SEA_KH_PHNOM_PENH,Cambodia,Phnom Penh,2022-02-01,2022,2,58.595,56.690000000000005,60.5,2.905357142857143,10,0,-3.809999999999995
SEA_KH_PHNOM_PENH,Cambodia,Phnom Penh,2022-03-01,2022,3,129.31,128.22,130.4,2.9012903225806452,15,1,-2.180000000000007
SEA_KH_PHNOM_PENH,Cambodia,Phnom Penh,2022-04-01,2022,4,136.865,115.23,158.5,5.083,19,1,-43.269999999999996
SEA_KH_PHNOM_PENH,Cambodia,Phnom Penh,2022-05-01,2022,5,252.475,205.65,299.3,9.65709677419355,28,1,-93.65
SEA_KH_PHNOM_PENH,Cambodia,Phnom Penh,2022-06-01,2022,6,225.975,262.05,189.9,7.514333333333334,24,4,72.15
SEA_KH_PHNOM_PENH,Cambodia,Phnom Penh,2022-07-01,2022,7,356.36,439.12,273.6,11.301290322580646,29,6,165.51999999999998
SEA_KH_PHNOM_PENH,Cambodia,Phnom Penh,2022-08-01,2022,8,268.385,276.57,260.2,9.705483870967742,29,2,16.370000000000005
SEA_KH_PHNOM_PENH,Cambodia,Phnom Penh,2022-09-01,2022,9,304.63,250.76,358.5,7.757333333333333,29,1,-107.74000000000001
SEA_KH_PHNOM_PENH,Cambodia,Phnom Penh,2022-10-01,2022,10,267.8,185.5,350.1,7.54258064516129,21,1,-164.60000000000002
SEA_KH_PHNOM_PENH,Cambodia,Phnom Penh,2022-11-01,2022,11,147.41,130.42000000000002,164.4,5.8613333333333335,25,0,-33.97999999999999
SEA_KH_PHNOM_PENH,Cambodia,Phnom Penh,2022-12-01,2022,12,28.515,26.529999999999998,30.5,1.159032258064516,8,0,-3.9700000000000024
SEA_KH_PHNOM_PENH,Cambodia,Phnom Penh,2023-01-01,2023,1,42.74,30.18,55.3,1.2903225806451613,9,0,-25.119999999999997
SEA_KH_PHNOM_PENH,Cambodia,Phnom Penh,2023-02-01,2023,2,11.665,6.23,17.099999999999998,0.7360714285714286,3,0,-10.869999999999997
SEA_KH_PHNOM_PENH,Cambodia,Phnom Penh,2023-03-01,2023,3,7.090000000000001,1.08,13.1,0.40387096774193554,1,0,-12.02
SEA_KH_PHNOM_PENH,Cambodia,Phnom Penh,2023-04-01,2023,4,56.769999999999996,22.04,91.5,2.9106666666666667,9,0,-69.46000000000001
SEA_KH_PHNOM_PENH,Cambodia,Phnom Penh,2023-05-01,2023,5,151.05,108.3,193.8,4.868387096774193,23,0,-85.50000000000001
SEA_KH_PHNOM_PENH,Cambodia,Phnom Penh,2023-06-01,2023,6,163.09,154.57999999999998,171.6,6.62,27,0,-17.02000000000001
SEA_KH_PHNOM_PENH,Cambodia,Phnom Penh,2023-07-01,2023,7,221.08,177.06,265.1,6.792903225806452,29,0,-88.04000000000002
SEA_KH_PHNOM_PENH,Cambodia,Phnom Penh,2023-08-01,2023,8,199.12,158.74,239.5,6.349677419354838,28,2,-80.75999999999999
SEA_KH_PHNOM_PENH,Cambodia,Phnom Penh,2023-09-01,2023,9,364.61,315.42,413.8,9.255333333333333,30,4,-98.38
SEA_KH_PHNOM_PENH,Cambodia,Phnom Penh,2023-10-01,2023,10,373.06,266.52,479.6,10.204516129032259,31,5,-213.08000000000004
SEA_KH_PHNOM_PENH,Cambodia,Phnom Penh,2023-11-01,2023,11,193.66,131.32,256.0,4.883333333333334,17,2,-124.68
SEA_KH_PHNOM_PENH,Cambodia,Phnom Penh,2023-12-01,2023,12,36.76,30.82,42.7,1.6012903225806452,6,0,-11.880000000000003
SEA_KH_PHNOM_PENH,Cambodia,Phnom Penh,2024-01-01,2024,1,2.375,1.75,3.0,0.1403225806451613,0,0,-1.25
SEA_KH_PHNOM_PENH,Cambodia,Phnom Penh,2024-02-01,2024,2,3.1,0.7999999999999999,5.3999999999999995,0.17172413793103447,0,0,-4.6
SEA_KH_PHNOM_PENH,Cambodia,Phnom Penh,2024-03-01,2024,3,12.665,13.030000000000001,12.3,0.5564516129032258,4,0,0.7300000000000004
SEA_KH_PHNOM_PENH,Cambodia,Phnom Penh,2024-04-01,2024,4,7.075,2.15,12.0,0.40099999999999997,1,0,-9.85
SEA_KH_PHNOM_PENH,Cambodia,Phnom Penh,2024-05-01,2024,5,202.1,146.8,257.4,5.192258064516129,28,2,-110.59999999999997
SEA_KH_PHNOM_PENH,Cambodia,Phnom Penh,2024-06-01,2024,6,191.56,212.52,170.6,6.394000000000001,26,4,41.920000000000016
SEA_KH_PHNOM_PENH,Cambodia,Phnom Penh,2024-07-01,2024,7,277.325,271.85,282.8,6.569999999999999,30,3,-10.949999999999989
SEA_KH_PHNOM_PENH,Cambodia,Phnom Penh,2024-08-01,2024,8,193.585,147.87,239.3,5.724193548387096,27,0,-91.43
SEA_KH_PHNOM_PENH,Cambodia,Phnom Penh,2024-09-01,2024,9,279.90500000000003,207.61,352.2,7.834333333333333,27,4,-144.58999999999997
SEA_KH_PHNOM_PENH,Cambodia,Phnom Penh,2024-10-01,2024,10,304.725,233.95000000000002,375.5,6.45258064516129,30,2,-141.54999999999998
SEA_KH_PHNOM_PENH,Cambodia,Phnom Penh,2024-11-01,2024,11,85.79,50.779999999999994,120.8,3.576,14,1,-70.02000000000001
SEA_KH_PHNOM_PENH,Cambodia,Phnom Penh,2024-12-01,2024,12,49.275,20.45,78.1,2.2125806451612906,7,0,-57.64999999999999
SEA_KH_PHNOM_PENH,Cambodia,Phnom Penh,2025-01-01,2025,1,0.91,1.02,0.8,0.007096774193548384,0,0,0.21999999999999997
SEA_KH_PHNOM_PENH,Cambodia,Phnom Penh,2025-02-01,2025,2,28.659999999999997,19.619999999999997,37.7,0.6671428571428571,5,0,-18.080000000000005
SEA_KH_PHNOM_PENH,Cambodia,Phnom Penh,2025-03-01,2025,3,58.675,44.45,72.9,1.9719354838709675,10,0,-28.450000000000003
SEA_KH_PHNOM_PENH,Cambodia,Phnom Penh,2025-04-01,2025,4,85.265,48.730000000000004,121.8,3.317,17,0,-73.07
SEA_KH_PHNOM_PENH,Cambodia,Phnom Penh,2025-05-01,2025,5,152.945,46.49,259.4,7.29,27,1,-212.90999999999997
SEA_KH_PHNOM_PENH,Cambodia,Phnom Penh,2025-06-01,2025,6,170.76,69.32,272.2,7.304,26,0,-202.88
SEA_KH_PHNOM_PENH,Cambodia,Phnom Penh,2025-07-01,2025,7,101.755,36.31,167.2,4.468709677419355,21,0,-130.89
SEA_KH_PHNOM_PENH,Cambodia,Phnom Penh,2025-08-01,2025,8,285.76,291.32,280.2,5.53483870967742,27,5,11.120000000000005
SEA_KH_PHNOM_PENH,Cambodia,Phnom Penh,2025-09-01,2025,9,265.0,146.0,384.0,9.098,29,2,-238.0
SEA_KH_PHNOM_PENH,Cambodia,Phnom Penh,2025-10-01,2025,10,226.95,172.7,281.2,7.476774193548387,30,1,-108.5
SEA_KH_PHNOM_PENH,Cambodia,Phnom Penh,2025-11-01,2025,11,114.415,91.83,137.0,4.0296666666666665,16,1,-45.17
SEA_KH_PHNOM_PENH,Cambodia,Phnom Penh,2025-12-01,2025,12,20.41,16.72,24.1,0.8096774193548387,5,0,-7.380000000000003
SEA_LA_VIENTIANE,Laos,Vientiane,2020-01-01,2020,1,0.63,0.15999999999999998,1.1,0.04,0,0,-0.9400000000000002
SEA_LA_VIENTIANE,Laos,Vientiane,2020-02-01,2020,2,0.405,0.01,0.8,0.02793103448275862,0,0,-0.79
SEA_LA_VIENTIANE,Laos,Vientiane,2020-03-01,2020,3,90.895,71.49,110.3,3.211935483870968,14,0,-38.81
SEA_LA_VIENTIANE,Laos,Vientiane,2020-04-01,2020,4,51.725,67.95,35.5,2.308333333333333,13,0,32.45
SEA_LA_VIENTIANE,Laos,Vientiane,2020-05-01,2020,5,148.94,207.78,90.1,4.39741935483871,25,0,117.68
SEA_LA_VIENTIANE,Laos,Vientiane,2020-06-01,2020,6,215.73000000000002,185.66,245.8,5.427333333333333,29,1,-60.140000000000015
SEA_LA_VIENTIANE,Laos,Vientiane,2020-07-01,2020,7,233.115,194.63,271.6,4.384193548387096,26,2,-76.97000000000003
SEA_LA_VIENTIANE,Laos,Vientiane,2020-08-01,2020,8,509.2,406.3,612.1,8.946451612903225,30,9,-205.8
SEA_LA_VIENTIANE,Laos,Vientiane,2020-09-01,2020,9,315.35,258.5,372.2,6.924,30,4,-113.69999999999999
SEA_LA_VIENTIANE,Laos,Vientiane,2020-10-01,2020,10,187.76,188.82,186.7,4.336129032258064,21,2,2.1200000000000045
SEA_LA_VIENTIANE,Laos,Vientiane,2020-11-01,2020,11,7.405,13.41,1.4000000000000001,0.4776666666666667,2,0,12.01
SEA_LA_VIENTIANE,Laos,Vientiane,2020-12-01,2020,12,0.0,0.0,0.0,0.0,0,0,0.0
SEA_LA_VIENTIANE,Laos,Vientiane,2021-01-01,2021,1,0.02,0.04,0.0,0.0012903225806451613,0,0,0.04
SEA_LA_VIENTIANE,Laos,Vientiane,2021-02-01,2021,2,32.934999999999995,36.27,29.6,0.43249999999999983,2,0,6.670000000000002
SEA_LA_VIENTIANE,Laos,Vientiane,2021-03-01,2021,3,35.25,37.8,32.7,0.8606451612903225,10,0,5.099999999999994
SEA_LA_VIENTIANE,Laos,Vientiane,2021-04-01,2021,4,193.91,201.62,186.2,5.455333333333333,17,5,15.420000000000016
SEA_LA_VIENTIANE,Laos,Vientiane,2021-05-01,2021,5,131.365,91.13,171.6,4.009354838709677,20,1,-80.47
SEA_LA_VIENTIANE,Laos,Vientiane,2021-06-01,2021,6,281.955,248.21,315.7,6.482333333333333,23,5,-67.48999999999998
SEA_LA_VIENTIANE,Laos,Vientiane,2021-07-01,2021,7,243.545,189.89,297.2,5.291290322580645,28,3,-107.31
SEA_LA_VIENTIANE,Laos,Vientiane,2021-08-01,2021,8,236.8,195.2,278.4,5.49483870967742,25,1,-83.19999999999999
SEA_LA_VIENTIANE,Laos,Vientiane,2021-09-01,2021,9,412.99,371.28,454.7,6.414666666666666,28,5,-83.42000000000002
SEA_LA_VIENTIANE,Laos,Vientiane,2021-10-01,2021,10,141.525,135.95,147.1,3.658387096774194,19,0,-11.150000000000006
SEA_LA_VIENTIANE,Laos,Vientiane,2021-11-01,2021,11,6.855,12.71,1.0,0.39033333333333337,3,0,11.71
SEA_LA_VIENTIANE,Laos,Vientiane,2021-12-01,2021,12,2.4,0.09999999999999999,4.699999999999999,0.1529032258064516,1,0,-4.6
SEA_LA_VIENTIANE,Laos,Vientiane,2022-01-01,2022,1,18.59,17.48,19.7,0.8948387096774193,4,0,-2.219999999999999
SEA_LA_VIENTIANE,Laos,Vientiane,2022-02-01,2022,2,75.37,90.84,59.9,1.7621428571428572,12,1,30.940000000000005
SEA_LA_VIENTIANE,Laos,Vientiane,2022-03-01,2022,3,121.74,141.38,102.1,3.4483870967741934,18,0,39.28
SEA_LA_VIENTIANE,Laos,Vientiane,2022-04-01,2022,4,78.48,92.56,64.4,3.126,11,0,28.159999999999997
SEA_LA_VIENTIANE,Laos,Vientiane,2022-05-01,2022,5,315.37,234.44,396.3,7.830967741935484,25,4,-161.86
SEA_LA_VIENTIANE,Laos,Vientiane,2022-06-01,2022,6,169.465,151.23000000000002,187.7,4.390333333333333,27,0,-36.46999999999997
SEA_LA_VIENTIANE,Laos,Vientiane,2022-07-01,2022,7,407.15500000000003,367.01,447.3,8.651935483870966,27,7,-80.29000000000002
SEA_LA_VIENTIANE,Laos,Vientiane,2022-08-01,2022,8,426.96,348.02,505.9,8.087741935483871,29,6,-157.88
SEA_LA_VIENTIANE,Laos,Vientiane,2022-09-01,2022,9,305.22,224.73999999999998,385.7,6.296666666666667,29,3,-160.96
SEA_LA_VIENTIANE,Laos,Vientiane,2022-10-01,2022,10,83.66,83.62,83.7,1.2251612903225806,10,1,-0.0799999999999983
SEA_LA_VIENTIANE,Laos,Vientiane,2022-11-01,2022,11,52.61000000000001,19.22,86.0,2.3573333333333335,7,0,-66.78
SEA_LA_VIENTIANE,Laos,Vientiane,2022-12-01,2022,12,0.1699999999999999,0.04,0.3,0.00903225806451613,0,0,-0.26
SEA_LA_VIENTIANE,Laos,Vientiane,2023-01-01,2023,1,1.49,2.08,0.9,0.07096774193548387,0,0,1.1800000000000002
SEA_LA_VIENTIANE,Laos,Vientiane,2023-02-01,2023,2,2.59,2.38,2.8,0.10071428571428571,0,0,-0.41999999999999993
SEA_LA_VIENTIANE,Laos,Vientiane,2023-03-01,2023,3,24.21,23.919999999999998,24.5,0.769032258064516,4,0,-0.5800000000000018
SEA_LA_VIENTIANE,Laos,Vientiane,2023-04-01,2023,4,22.725,11.75,33.7,1.1936666666666667,5,0,-21.950000000000003
SEA_LA_VIENTIANE,Laos,Vientiane,2023-05-01,2023,5,138.70499999999998,99.11,178.3,5.079677419354839,18,1,-79.19000000000001
SEA_LA_VIENTIANE,Laos,Vientiane,2023-06-01,2023,6,305.005,163.31,446.7,9.612333333333334,29,4,-283.39
SEA_LA_VIENTIANE,Laos,Vientiane,2023-07-01,2023,7,270.915,165.93,375.9,8.39774193548387,29,1,-209.96999999999997
SEA_LA_VIENTIANE,Laos,Vientiane,2023-08-01,2023,8,223.595,149.99,297.2,5.411935483870967,26,1,-147.20999999999998
SEA_LA_VIENTIANE,Laos,Vientiane,2023-09-01,2023,9,405.23,249.06,561.4,12.024666666666667,28,9,-312.34
SEA_LA_VIENTIANE,Laos,Vientiane,2023-10-01,2023,10,199.36499999999998,136.63,262.1,6.740967741935484,19,2,-125.47000000000003
SEA_LA_VIENTIANE,Laos,Vientiane,2023-11-01,2023,11,7.28,2.36,12.200000000000001,0.41200000000000003,3,0,-9.840000000000002
SEA_LA_VIENTIANE,Laos,Vientiane,2023-12-01,2023,12,0.6,0.6,0.6000000000000001,0.030967741935483874,0,0,-1.1102230246251565e-16
SEA_LA_VIENTIANE,Laos,Vientiane,2024-01-01,2024,1,20.75,11.2,30.299999999999997,0.756774193548387,4,0,-19.099999999999998
SEA_LA_VIENTIANE,Laos,Vientiane,2024-02-01,2024,2,1.065,0.43,1.7000000000000002,0.061724137931034484,0,0,-1.2700000000000002
SEA_LA_VIENTIANE,Laos,Vientiane,2024-03-01,2024,3,53.339999999999996,60.980000000000004,45.7,0.9161290322580646,10,0,15.280000000000001
SEA_LA_VIENTIANE,Laos,Vientiane,2024-04-01,2024,4,32.67,11.94,53.400000000000006,1.6520000000000001,5,0,-41.46000000000001
SEA_LA_VIENTIANE,Laos,Vientiane,2024-05-01,2024,5,228.775,186.75,270.8,7.296451612903225,28,3,-84.05000000000001
SEA_LA_VIENTIANE,Laos,Vientiane,2024-06-01,2024,6,312.685,194.57,430.8,9.568333333333333,24,5,-236.23000000000002
SEA_LA_VIENTIANE,Laos,Vientiane,2024-07-01,2024,7,319.185,212.47,425.9,9.129999999999999,31,2,-213.42999999999998
SEA_LA_VIENTIANE,Laos,Vientiane,2024-08-01,2024,8,324.02500000000003,242.65,405.4,7.264193548387096,29,4,-162.74999999999997
SEA_LA_VIENTIANE,Laos,Vientiane,2024-09-01,2024,9,384.69,312.98,456.4,9.240666666666666,25,6,-143.41999999999996
SEA_LA_VIENTIANE,Laos,Vientiane,2024-10-01,2024,10,69.23,33.96,104.5,3.1077419354838707,9,1,-70.53999999999999
SEA_LA_VIENTIANE,Laos,Vientiane,2024-11-01,2024,11,8.005,5.3100000000000005,10.7,0.44633333333333336,2,0,-5.389999999999999
SEA_LA_VIENTIANE,Laos,Vientiane,2024-12-01,2024,12,0.7000000000000001,1.4000000000000001,0.0,0.04516129032258065,0,0,1.4000000000000001
SEA_LA_VIENTIANE,Laos,Vientiane,2025-01-01,2025,1,0.0,0.0,0.0,0.0,0,0,0.0
SEA_LA_VIENTIANE,Laos,Vientiane,2025-02-01,2025,2,25.95,30.8,21.1,0.35214285714285715,2,1,9.7
SEA_LA_VIENTIANE,Laos,Vientiane,2025-03-01,2025,3,7.54,11.98,3.1,0.42967741935483866,2,0,8.88
SEA_LA_VIENTIANE,Laos,Vientiane,2025-04-01,2025,4,64.42,67.64,61.2,1.932,16,0,6.439999999999998
SEA_LA_VIENTIANE,Laos,Vientiane,2025-05-01,2025,5,234.21,216.92,251.5,6.910322580645161,28,2,-34.58000000000001
SEA_LA_VIENTIANE,Laos,Vientiane,2025-06-01,2025,6,274.54,179.28,369.8,8.330666666666666,30,1,-190.52
SEA_LA_VIENTIANE,Laos,Vientiane,2025-07-01,2025,7,357.815,236.93,478.7,10.173225806451613,26,4,-241.76999999999998
SEA_LA_VIENTIANE,Laos,Vientiane,2025-08-01,2025,8,293.46,222.82,364.1,6.593548387096774,27,3,-141.28000000000003
SEA_LA_VIENTIANE,Laos,Vientiane,2025-09-01,2025,9,398.99,308.78,489.2,9.433333333333334,29,5,-180.42000000000002
SEA_LA_VIENTIANE,Laos,Vientiane,2025-10-01,2025,10,148.98,81.46000000000001,216.5,5.242580645161291,19,1,-135.04
SEA_LA_VIENTIANE,Laos,Vientiane,2025-11-01,2025,11,53.620000000000005,26.240000000000002,81.0,2.174,8,0,-54.76
SEA_LA_VIENTIANE,Laos,Vientiane,2025-12-01,2025,12,14.055,14.209999999999999,13.9,0.06806451612903226,1,0,0.3099999999999987
SEA_MM_YANGON,Myanmar,Yangon,2020-01-01,2020,1,0.0,0.0,0.0,0.0,0,0,0.0
SEA_MM_YANGON,Myanmar,Yangon,2020-02-01,2020,2,0.0,0.0,0.0,0.0,0,0,0.0
SEA_MM_YANGON,Myanmar,Yangon,2020-03-01,2020,3,0.055,0.01,0.1,0.0035483870967741938,0,0,-0.09000000000000001
SEA_MM_YANGON,Myanmar,Yangon,2020-04-01,2020,4,46.375,63.85,28.900000000000002,1.1876666666666666,7,0,34.95
SEA_MM_YANGON,Myanmar,Yangon,2020-05-01,2020,5,101.755,83.81,119.7,2.849354838709677,12,0,-35.89
SEA_MM_YANGON,Myanmar,Yangon,2020-06-01,2020,6,320.035,266.17,373.9,7.563,30,1,-107.72999999999996
SEA_MM_YANGON,Myanmar,Yangon,2020-07-01,2020,7,244.28,163.16,325.4,7.451612903225806,31,0,-162.23999999999998
SEA_MM_YANGON,Myanmar,Yangon,2020-08-01,2020,8,381.19,356.58,405.8,9.249677419354839,31,5,-49.22000000000003
SEA_MM_YANGON,Myanmar,Yangon,2020-09-01,2020,9,279.01,183.52,374.5,7.697333333333334,30,2,-190.98
SEA_MM_YANGON,Myanmar,Yangon,2020-10-01,2020,10,241.09,118.18,364.0,9.84,28,3,-245.82
SEA_MM_YANGON,Myanmar,Yangon,2020-11-01,2020,11,35.59,27.18,44.0,1.1006666666666665,7,0,-16.82
SEA_MM_YANGON,Myanmar,Yangon,2020-12-01,2020,12,1.84,0.08,3.5999999999999996,0.11612903225806452,0,0,-3.5199999999999996
SEA_MM_YANGON,Myanmar,Yangon,2021-01-01,2021,1,5.34,1.6800000000000002,9.0,0.2387096774193548,2,0,-7.32
SEA_MM_YANGON,Myanmar,Yangon,2021-02-01,2021,2,2.86,3.92,1.8,0.17357142857142854,2,0,2.12
SEA_MM_YANGON,Myanmar,Yangon,2021-03-01,2021,3,0.66,0.92,0.4,0.04064516129032258,0,0,0.52
SEA_MM_YANGON,Myanmar,Yangon,2021-04-01,2021,4,189.435,236.37,142.5,4.705666666666667,18,3,93.87
SEA_MM_YANGON,Myanmar,Yangon,2021-05-01,2021,5,160.505,159.51,161.5,5.5358064516129035,19,2,-1.990000000000009
SEA_MM_YANGON,Myanmar,Yangon,2021-06-01,2021,6,358.51,318.42,398.6,6.1033333333333335,27,4,-80.18
SEA_MM_YANGON,Myanmar,Yangon,2021-07-01,2021,7,464.925,616.35,313.5,12.724838709677421,31,7,302.85
SEA_MM_YANGON,Myanmar,Yangon,2021-08-01,2021,8,377.83500000000004,410.27,345.4,8.660967741935485,30,5,64.87
SEA_MM_YANGON,Myanmar,Yangon,2021-09-01,2021,9,429.38,346.16,512.6,11.504666666666667,30,7,-166.44
SEA_MM_YANGON,Myanmar,Yangon,2021-10-01,2021,10,265.71,196.92000000000002,334.5,7.572903225806451,27,4,-137.57999999999998
SEA_MM_YANGON,Myanmar,Yangon,2021-11-01,2021,11,57.93,69.56,46.3,1.84,10,0,23.260000000000005
SEA_MM_YANGON,Myanmar,Yangon,2021-12-01,2021,12,0.535,0.37,0.7,0.034516129032258064,0,0,-0.32999999999999996
SEA_MM_YANGON,Myanmar,Yangon,2022-01-01,2022,1,16.56,22.92,10.2,0.487741935483871,4,0,12.720000000000002
SEA_MM_YANGON,Myanmar,Yangon,2022-02-01,2022,2,21.205,29.91,12.5,0.7089285714285714,5,0,17.41
SEA_MM_YANGON,Myanmar,Yangon,2022-03-01,2022,3,30.750000000000004,33.0,28.5,1.1193548387096774,3,0,4.5
SEA_MM_YANGON,Myanmar,Yangon,2022-04-01,2022,4,51.74,75.08,28.4,2.219333333333333,7,0,46.68
SEA_MM_YANGON,Myanmar,Yangon,2022-05-01,2022,5,414.155,514.91,313.4,14.201612903225806,29,4,201.51
SEA_MM_YANGON,Myanmar,Yangon,2022-06-01,2022,6,264.77,181.64000000000001,347.9,7.218,30,1,-166.25999999999996
SEA_MM_YANGON,Myanmar,Yangon,2022-07-01,2022,7,473.675,337.65,609.7,15.508064516129032,29,6,-272.05000000000007
SEA_MM_YANGON,Myanmar,Yangon,2022-08-01,2022,8,627.095,391.29,862.9,21.278387096774193,30,12,-471.60999999999996
SEA_MM_YANGON,Myanmar,Yangon,2022-09-01,2022,9,457.64,473.48,441.8,11.515333333333333,30,7,31.680000000000007
SEA_MM_YANGON,Myanmar,Yangon,2022-10-01,2022,10,152.475,108.75,196.2,4.29258064516129,19,0,-87.44999999999999
SEA_MM_YANGON,Myanmar,Yangon,2022-11-01,2022,11,69.39,55.68,83.10000000000001,2.686666666666667,15,0,-27.42000000000001
SEA_MM_YANGON,Myanmar,Yangon,2022-12-01,2022,12,15.635,17.97,13.3,0.6545161290322581,2,0,4.669999999999998
SEA_MM_YANGON,Myanmar,Yangon,2023-01-01,2023,1,0.0,0.0,0.0,0.0,0,0,0.0
SEA_MM_YANGON,Myanmar,Yangon,2023-02-01,2023,2,13.82,17.24,10.4,0.4428571428571429,2,0,6.839999999999998
SEA_MM_YANGON,Myanmar,Yangon,2023-03-01,2023,3,22.56,6.32,38.8,1.3735483870967742,3,0,-32.48
SEA_MM_YANGON,Myanmar,Yangon,2023-04-01,2023,4,14.915000000000001,25.23,4.6,0.8016666666666666,5,0,20.630000000000003
SEA_MM_YANGON,Myanmar,Yangon,2023-05-01,2023,5,156.63,175.46,137.8,5.085806451612903,19,1,37.66
SEA_MM_YANGON,Myanmar,Yangon,2023-06-01,2023,6,359.5,196.9,522.1,12.156,30,2,-325.20000000000005
SEA_MM_YANGON,Myanmar,Yangon,2023-07-01,2023,7,481.34499999999997,401.99,560.7,14.113870967741937,31,8,-158.71000000000004
SEA_MM_YANGON,Myanmar,Yangon,2023-08-01,2023,8,470.435,475.27,465.59999999999997,15.628709677419355,31,8,9.670000000000016
SEA_MM_YANGON,Myanmar,Yangon,2023-09-01,2023,9,596.335,465.77,726.9,16.017,30,9,-261.13
SEA_MM_YANGON,Myanmar,Yangon,2023-10-01,2023,10,350.385,257.67,443.1,11.314516129032258,31,6,-185.43
SEA_MM_YANGON,Myanmar,Yangon,2023-11-01,2023,11,27.835,9.97,45.7,1.3256666666666668,8,0,-35.730000000000004
SEA_MM_YANGON,Myanmar,Yangon,2023-12-01,2023,12,16.314999999999998,2.43,30.2,0.8964516129032257,3,0,-27.77
SEA_MM_YANGON,Myanmar,Yangon,2024-01-01,2024,1,20.285,11.370000000000001,29.2,0.6577419354838709,5,0,-17.83
SEA_MM_YANGON,Myanmar,Yangon,2024-02-01,2024,2,0.12000000000000001,0.04,0.2,0.008275862068965517,0,0,-0.16
SEA_MM_YANGON,Myanmar,Yangon,2024-03-01,2024,3,1.055,1.41,0.7,0.030000000000000002,0,0,0.71
SEA_MM_YANGON,Myanmar,Yangon,2024-04-01,2024,4,44.68,52.86000000000001,36.5,0.6173333333333334,2,1,16.360000000000007
SEA_MM_YANGON,Myanmar,Yangon,2024-05-01,2024,5,310.265,273.63,346.9,7.282903225806452,23,3,-73.26999999999998
SEA_MM_YANGON,Myanmar,Yangon,2024-06-01,2024,6,472.425,408.85,536.0,12.071666666666665,30,9,-127.14999999999998
SEA_MM_YANGON,Myanmar,Yangon,2024-07-01,2024,7,614.3,519.6999999999999,708.9,17.083225806451615,31,12,-189.20000000000005
SEA_MM_YANGON,Myanmar,Yangon,2024-08-01,2024,8,401.01,309.82,492.2,10.721935483870968,31,4,-182.38
SEA_MM_YANGON,Myanmar,Yangon,2024-09-01,2024,9,552.885,537.97,567.8,18.116333333333333,28,9,-29.829999999999927
SEA_MM_YANGON,Myanmar,Yangon,2024-10-01,2024,10,227.68,147.46,307.9,8.17483870967742,24,4,-160.43999999999997
SEA_MM_YANGON,Myanmar,Yangon,2024-11-01,2024,11,130.19,70.78,189.6,5.143333333333333,8,2,-118.82
SEA_MM_YANGON,Myanmar,Yangon,2024-12-01,2024,12,1.7750000000000001,1.65,1.9000000000000001,0.0732258064516129,0,0,-0.2500000000000002
SEA_MM_YANGON,Myanmar,Yangon,2025-01-01,2025,1,1.405,0.01,2.8,0.09064516129032259,0,0,-2.79
SEA_MM_YANGON,Myanmar,Yangon,2025-02-01,2025,2,25.39,30.779999999999998,20.0,0.6942857142857142,3,0,10.779999999999998
SEA_MM_YANGON,Myanmar,Yangon,2025-03-01,2025,3,1.02,0.54,1.5,0.05935483870967742,0,0,-0.96
SEA_MM_YANGON,Myanmar,Yangon,2025-04-01,2025,4,101.005,117.21000000000001,84.8,3.1983333333333333,14,0,32.41000000000001
SEA_MM_YANGON,Myanmar,Yangon,2025-05-01,2025,5,342.51,306.42,378.6,10.495483870967742,26,7,-72.18
SEA_MM_YANGON,Myanmar,Yangon,2025-06-01,2025,6,397.815,290.73,504.9,9.923666666666666,30,4,-214.16999999999996
SEA_MM_YANGON,Myanmar,Yangon,2025-07-01,2025,7,580.4300000000001,542.26,618.6,15.079354838709676,31,12,-76.34000000000003
SEA_MM_YANGON,Myanmar,Yangon,2025-08-01,2025,8,399.035,283.47,514.6,12.019677419354839,31,5,-231.13
SEA_MM_YANGON,Myanmar,Yangon,2025-09-01,2025,9,462.84,408.58,517.1,11.935333333333334,30,9,-108.52000000000004
SEA_MM_YANGON,Myanmar,Yangon,2025-10-01,2025,10,215.835,175.37,256.3,5.682258064516129,23,3,-80.93
SEA_MM_YANGON,Myanmar,Yangon,2025-11-01,2025,11,152.275,124.85,179.7,4.397666666666667,14,3,-54.849999999999994
SEA_MM_YANGON,Myanmar,Yangon,2025-12-01,2025,12,0.77,0.33999999999999997,1.2,0.0367741935483871,0,0,-0.86
SEA_MY_KUALA_LUMPUR,Malaysia,Kuala Lumpur,2020-01-01,2020,1,103.435,105.07,101.8,3.2783870967741935,23,0,3.269999999999996
SEA_MY_KUALA_LUMPUR,Malaysia,Kuala Lumpur,2020-02-01,2020,2,120.365,124.33,116.4,3.512068965517241,17,1,7.929999999999993
SEA_MY_KUALA_LUMPUR,Malaysia,Kuala Lumpur,2020-03-01,2020,3,161.465,127.92999999999999,195.0,4.720967741935484,25,1,-67.07000000000001
SEA_MY_KUALA_LUMPUR,Malaysia,Kuala Lumpur,2020-04-01,2020,4,229.895,245.89000000000001,213.9,5.273666666666667,25,1,31.99000000000001
SEA_MY_KUALA_LUMPUR,Malaysia,Kuala Lumpur,2020-05-01,2020,5,193.155,161.01,225.3,5.864193548387097,30,0,-64.29000000000002
SEA_MY_KUALA_LUMPUR,Malaysia,Kuala Lumpur,2020-06-01,2020,6,230.665,251.63,209.7,7.123666666666667,25,3,41.93000000000001
SEA_MY_KUALA_LUMPUR,Malaysia,Kuala Lumpur,2020-07-01,2020,7,314.115,291.93,336.3,9.088709677419354,30,5,-44.370000000000005
SEA_MY_KUALA_LUMPUR,Malaysia,Kuala Lumpur,2020-08-01,2020,8,122.645,110.19,135.1,3.5100000000000002,26,0,-24.909999999999997
SEA_MY_KUALA_LUMPUR,Malaysia,Kuala Lumpur,2020-09-01,2020,9,281.3,242.4,320.2,7.380666666666667,26,3,-77.79999999999998
SEA_MY_KUALA_LUMPUR,Malaysia,Kuala Lumpur,2020-10-01,2020,10,161.23,147.06,175.4,4.030322580645161,27,1,-28.340000000000003
SEA_MY_KUALA_LUMPUR,Malaysia,Kuala Lumpur,2020-11-01,2020,11,383.675,376.75,390.6,8.077,29,7,-13.850000000000023
SEA_MY_KUALA_LUMPUR,Malaysia,Kuala Lumpur,2020-12-01,2020,12,259.885,303.37,216.4,7.130645161290322,29,3,86.97
SEA_MY_KUALA_LUMPUR,Malaysia,Kuala Lumpur,2021-01-01,2021,1,281.4,319.59999999999997,243.2,6.9877419354838715,25,4,76.39999999999998
SEA_MY_KUALA_LUMPUR,Malaysia,Kuala Lumpur,2021-02-01,2021,2,29.775,17.05,42.5,1.3532142857142857,10,0,-25.45
SEA_MY_KUALA_LUMPUR,Malaysia,Kuala Lumpur,2021-03-01,2021,3,364.395,425.39,303.4,9.766774193548386,25,5,121.99000000000001
SEA_MY_KUALA_LUMPUR,Malaysia,Kuala Lumpur,2021-04-01,2021,4,231.76,248.72,214.79999999999998,5.422666666666667,28,0,33.920000000000016
SEA_MY_KUALA_LUMPUR,Malaysia,Kuala Lumpur,2021-05-01,2021,5,263.445,294.09000000000003,232.8,7.573870967741936,28,2,61.29000000000002
SEA_MY_KUALA_LUMPUR,Malaysia,Kuala Lumpur,2021-06-01,2021,6,176.365,168.93,183.8,4.757666666666667,30,1,-14.870000000000005
SEA_MY_KUALA_LUMPUR,Malaysia,Kuala Lumpur,2021-07-01,2021,7,156.38,175.16,137.6,4.0283870967741935,24,0,37.56
SEA_MY_KUALA_LUMPUR,Malaysia,Kuala Lumpur,2021-08-01,2021,8,240.45000000000002,231.9,249.0,6.441290322580645,29,1,-17.099999999999994
SEA_MY_KUALA_LUMPUR,Malaysia,Kuala Lumpur,2021-09-01,2021,9,249.63,226.96,272.3,7.276,26,3,-45.34
SEA_MY_KUALA_LUMPUR,Malaysia,Kuala Lumpur,2021-10-01,2021,10,171.55,228.1,115.0,5.874193548387097,22,1,113.1
SEA_MY_KUALA_LUMPUR,Malaysia,Kuala Lumpur,2021-11-01,2021,11,299.79,288.78000000000003,310.8,10.895333333333333,28,3,-22.019999999999982
SEA_MY_KUALA_LUMPUR,Malaysia,Kuala Lumpur,2021-12-01,2021,12,462.625,567.85,357.4,11.977096774193548,28,8,210.45000000000005
SEA_MY_KUALA_LUMPUR,Malaysia,Kuala Lumpur,2022-01-01,2022,1,164.21,195.22,133.2,4.185806451612903,18,3,62.02000000000001
SEA_MY_KUALA_LUMPUR,Malaysia,Kuala Lumpur,2022-02-01,2022,2,240.51500000000001,309.93,171.1,8.353928571428572,25,2,138.83
SEA_MY_KUALA_LUMPUR,Malaysia,Kuala Lumpur,2022-03-01,2022,3,229.42000000000002,269.14,189.7,6.909032258064516,30,3,79.44
SEA_MY_KUALA_LUMPUR,Malaysia,Kuala Lumpur,2022-04-01,2022,4,240.8,208.9,272.7,5.922,30,0,-63.79999999999998
SEA_MY_KUALA_LUMPUR,Malaysia,Kuala Lumpur,2022-05-01,2022,5,175.25,200.0,150.5,6.378709677419355,21,2,49.5
SEA_MY_KUALA_LUMPUR,Malaysia,Kuala Lumpur,2022-06-01,2022,6,235.535,259.07,212.0,6.968999999999999,29,1,47.06999999999999
SEA_MY_KUALA_LUMPUR,Malaysia,Kuala Lumpur,2022-07-01,2022,7,142.55,123.3,161.8,4.205806451612904,20,2,-38.500000000000014
SEA_MY_KUALA_LUMPUR,Malaysia,Kuala Lumpur,2022-08-01,2022,8,225.5,199.2,251.8,5.357419354838709,30,1,-52.60000000000002
SEA_MY_KUALA_LUMPUR,Malaysia,Kuala Lumpur,2022-09-01,2022,9,216.89999999999998,190.4,243.4,6.569999999999999,29,0,-53.0
SEA_MY_KUALA_LUMPUR,Malaysia,Kuala Lumpur,2022-10-01,2022,10,267.09,360.98,173.20000000000002,8.427096774193549,31,2,187.78
SEA_MY_KUALA_LUMPUR,Malaysia,Kuala Lumpur,2022-11-01,2022,11,389.815,441.13,338.5,8.710333333333333,30,5,102.63
SEA_MY_KUALA_LUMPUR,Malaysia,Kuala Lumpur,2022-12-01,2022,12,354.995,363.29,346.7,6.6164516129032265,28,6,16.590000000000032
SEA_MY_KUALA_LUMPUR,Malaysia,Kuala Lumpur,2023-01-01,2023,1,211.335,227.57,195.1,4.062258064516129,25,2,32.47
SEA_MY_KUALA_LUMPUR,Malaysia,Kuala Lumpur,2023-02-01,2023,2,235.76,279.52,192.0,7.369285714285715,27,3,87.51999999999998
SEA_MY_KUALA_LUMPUR,Malaysia,Kuala Lumpur,2023-03-01,2023,3,202.71,255.51999999999998,149.9,6.743870967741936,23,3,105.61999999999998
SEA_MY_KUALA_LUMPUR,Malaysia,Kuala Lumpur,2023-04-01,2023,4,184.74,134.38,235.1,6.784,27,0,-100.72
SEA_MY_KUALA_LUMPUR,Malaysia,Kuala Lumpur,2023-05-01,2023,5,163.76500000000001,164.03,163.5,3.8758064516129034,27,1,0.5300000000000011
SEA_MY_KUALA_LUMPUR,Malaysia,Kuala Lumpur,2023-06-01,2023,6,164.765,159.83,169.7,5.873666666666667,25,0,-9.869999999999976
SEA_MY_KUALA_LUMPUR,Malaysia,Kuala Lumpur,2023-07-01,2023,7,218.605,242.01,195.2,5.015806451612904,24,2,46.81
SEA_MY_KUALA_LUMPUR,Malaysia,Kuala Lumpur,2023-08-01,2023,8,277.315,232.53,322.1,6.988709677419355,29,3,-89.57000000000002
SEA_MY_KUALA_LUMPUR,Malaysia,Kuala Lumpur,2023-09-01,2023,9,239.63,213.66,265.6,6.210666666666667,24,3,-51.940000000000026
SEA_MY_KUALA_LUMPUR,Malaysia,Kuala Lumpur,2023-10-01,2023,10,361.615,238.63,484.6,11.253225806451614,30,7,-245.97000000000003
SEA_MY_KUALA_LUMPUR,Malaysia,Kuala Lumpur,2023-11-01,2023,11,356.54,345.38,367.7,7.157333333333333,30,4,-22.319999999999993
SEA_MY_KUALA_LUMPUR,Malaysia,Kuala Lumpur,2023-12-01,2023,12,433.97,435.94,432.0,11.843225806451615,30,7,3.9399999999999977
SEA_MY_KUALA_LUMPUR,Malaysia,Kuala Lumpur,2024-01-01,2024,1,380.7,327.6,433.8,10.011612903225807,28,10,-106.19999999999999
SEA_MY_KUALA_LUMPUR,Malaysia,Kuala Lumpur,2024-02-01,2024,2,131.27,84.84,177.70000000000002,5.349655172413794,21,1,-92.86000000000001
SEA_MY_KUALA_LUMPUR,Malaysia,Kuala Lumpur,2024-03-01,2024,3,234.645,171.19,298.09999999999997,6.331935483870968,25,4,-126.90999999999997
SEA_MY_KUALA_LUMPUR,Malaysia,Kuala Lumpur,2024-04-01,2024,4,313.05,245.8,380.3,8.076,29,2,-134.5
SEA_MY_KUALA_LUMPUR,Malaysia,Kuala Lumpur,2024-05-01,2024,5,417.63,259.06,576.2,13.226451612903226,31,7,-317.14000000000004
SEA_MY_KUALA_LUMPUR,Malaysia,Kuala Lumpur,2024-06-01,2024,6,262.42,257.04,267.8,9.4,27,3,-10.759999999999991
SEA_MY_KUALA_LUMPUR,Malaysia,Kuala Lumpur,2024-07-01,2024,7,132.15,137.7,126.6,3.438064516129032,20,1,11.099999999999994
SEA_MY_KUALA_LUMPUR,Malaysia,Kuala Lumpur,2024-08-01,2024,8,368.185,242.27,494.09999999999997,10.88483870967742,30,6,-251.82999999999996
SEA_MY_KUALA_LUMPUR,Malaysia,Kuala Lumpur,2024-09-01,2024,9,255.995,195.69,316.3,6.964333333333332,28,2,-120.61000000000001
SEA_MY_KUALA_LUMPUR,Malaysia,Kuala Lumpur,2024-10-01,2024,10,263.19,273.38,253.0,8.310967741935483,27,2,20.379999999999995
SEA_MY_KUALA_LUMPUR,Malaysia,Kuala Lumpur,2024-11-01,2024,11,400.245,439.79,360.7,7.183000000000001,29,4,79.09000000000003
SEA_MY_KUALA_LUMPUR,Malaysia,Kuala Lumpur,2024-12-01,2024,12,405.075,300.25,509.9,15.056451612903226,30,7,-209.64999999999998
SEA_MY_KUALA_LUMPUR,Malaysia,Kuala Lumpur,2025-01-01,2025,1,276.02,251.74,300.3,6.548387096774194,26,3,-48.56
SEA_MY_KUALA_LUMPUR,Malaysia,Kuala Lumpur,2025-02-01,2025,2,166.59,127.68,205.5,6.276428571428572,22,1,-77.82
SEA_MY_KUALA_LUMPUR,Malaysia,Kuala Lumpur,2025-03-01,2025,3,215.10999999999999,200.92000000000002,229.3,7.187096774193549,30,1,-28.379999999999995
SEA_MY_KUALA_LUMPUR,Malaysia,Kuala Lumpur,2025-04-01,2025,4,415.335,357.46999999999997,473.2,10.239666666666666,29,6,-115.73000000000002
SEA_MY_KUALA_LUMPUR,Malaysia,Kuala Lumpur,2025-05-01,2025,5,195.025,181.15,208.9,5.680322580645162,28,2,-27.75
SEA_MY_KUALA_LUMPUR,Malaysia,Kuala Lumpur,2025-06-01,2025,6,124.15,100.7,147.6,3.812,17,0,-46.89999999999999
SEA_MY_KUALA_LUMPUR,Malaysia,Kuala Lumpur,2025-07-01,2025,7,67.54,79.78,55.300000000000004,2.793548387096774,17,0,24.479999999999997
SEA_MY_KUALA_LUMPUR,Malaysia,Kuala Lumpur,2025-08-01,2025,8,162.675,203.05,122.3,4.663548387096774,26,1,80.75000000000001
SEA_MY_KUALA_LUMPUR,Malaysia,Kuala Lumpur,2025-09-01,2025,9,192.79500000000002,253.99,131.6,7.014333333333334,27,0,122.39000000000001
SEA_MY_KUALA_LUMPUR,Malaysia,Kuala Lumpur,2025-10-01,2025,10,169.49,170.78,168.20000000000002,3.6509677419354842,22,0,2.579999999999984
SEA_MY_KUALA_LUMPUR,Malaysia,Kuala Lumpur,2025-11-01,2025,11,402.455,402.21,402.7,8.087666666666667,28,6,-0.4900000000000091
SEA_MY_KUALA_LUMPUR,Malaysia,Kuala Lumpur,2025-12-01,2025,12,374.34,391.68,357.0,10.33806451612903,26,6,34.68000000000001
SEA_PH_MANILA,Philippines,Manila,2020-01-01,2020,1,84.72,136.14,33.3,3.509677419354839,18,0,102.83999999999999
SEA_PH_MANILA,Philippines,Manila,2020-02-01,2020,2,377.545,737.59,17.5,25.022413793103446,19,5,720.09
SEA_PH_MANILA,Philippines,Manila,2020-03-01,2020,3,295.61,575.42,15.8,18.531612903225806,13,6,559.62
SEA_PH_MANILA,Philippines,Manila,2020-04-01,2020,4,320.7,605.5,35.900000000000006,19.258,20,5,569.6
SEA_PH_MANILA,Philippines,Manila,2020-05-01,2020,5,252.01,245.42,258.6,4.386451612903225,27,1,-13.180000000000035
SEA_PH_MANILA,Philippines,Manila,2020-06-01,2020,6,398.56,598.42,198.7,16.12666666666667,27,7,399.71999999999997
SEA_PH_MANILA,Philippines,Manila,2020-07-01,2020,7,292.39,252.57999999999998,332.2,7.5116129032258065,30,2,-79.62
SEA_PH_MANILA,Philippines,Manila,2020-08-01,2020,8,276.435,247.47,305.4,6.994516129032259,26,2,-57.92999999999998
SEA_PH_MANILA,Philippines,Manila,2020-09-01,2020,9,229.45499999999998,270.71,188.2,5.830333333333333,28,4,82.50999999999999
SEA_PH_MANILA,Philippines,Manila,2020-10-01,2020,10,741.35,1050.3,432.4,25.718709677419355,31,14,617.9
SEA_PH_MANILA,Philippines,Manila,2020-11-01,2020,11,714.0,1075.6,352.40000000000003,29.016000000000002,29,13,723.1999999999998
SEA_PH_MANILA,Philippines,Manila,2020-12-01,2020,12,538.675,860.05,217.3,20.733870967741936,30,9,642.75
SEA_PH_MANILA,Philippines,Manila,2021-01-01,2021,1,214.87,279.34000000000003,150.4,5.093548387096774,26,2,128.94000000000003
SEA_PH_MANILA,Philippines,Manila,2021-02-01,2021,2,132.385,159.77,105.0,4.463928571428572,20,1,54.77000000000001
SEA_PH_MANILA,Philippines,Manila,2021-03-01,2021,3,101.02,162.74,39.3,4.267096774193549,20,0,123.44000000000001
SEA_PH_MANILA,Philippines,Manila,2021-04-01,2021,4,45.415,58.43,32.4,1.5196666666666665,16,0,26.03
SEA_PH_MANILA,Philippines,Manila,2021-05-01,2021,5,64.31,73.62,55.0,2.2903225806451615,23,0,18.620000000000005
SEA_PH_MANILA,Philippines,Manila,2021-06-01,2021,6,263.99,173.78,354.2,8.001333333333333,24,2,-180.42
SEA_PH_MANILA,Philippines,Manila,2021-07-01,2021,7,470.35,475.6,465.1,9.771612903225806,31,7,10.5
SEA_PH_MANILA,Philippines,Manila,2021-08-01,2021,8,227.365,193.63,261.1,5.279677419354839,30,0,-67.47000000000003
SEA_PH_MANILA,Philippines,Manila,2021-09-01,2021,9,371.64,409.48,333.8,6.024,30,2,75.68
SEA_PH_MANILA,Philippines,Manila,2021-10-01,2021,10,257.34,293.28000000000003,221.4,6.3748387096774195,29,1,71.88000000000002
SEA_PH_MANILA,Philippines,Manila,2021-11-01,2021,11,157.84,225.48,90.2,5.902666666666666,29,0,135.27999999999997
SEA_PH_MANILA,Philippines,Manila,2021-12-01,2021,12,131.72,182.04,81.4,5.607096774193548,23,0,100.63999999999999
SEA_PH_MANILA,Philippines,Manila,2022-01-01,2022,1,71.035,108.47,33.6,2.882903225806452,17,0,74.87
SEA_PH_MANILA,Philippines,Manila,2022-02-01,2022,2,94.18,140.96,47.4,3.717142857142857,19,0,93.56
SEA_PH_MANILA,Philippines,Manila,2022-03-01,2022,3,75.475,100.55,50.4,2.301612903225806,17,0,50.15
SEA_PH_MANILA,Philippines,Manila,2022-04-01,2022,4,164.15,230.2,98.10000000000001,6.4159999999999995,28,1,132.09999999999997
SEA_PH_MANILA,Philippines,Manila,2022-05-01,2022,5,189.505,183.91,195.10000000000002,3.160322580645161,21,0,-11.190000000000026
SEA_PH_MANILA,Philippines,Manila,2022-06-01,2022,6,251.75500000000002,244.91,258.6,5.205666666666667,28,3,-13.690000000000026
SEA_PH_MANILA,Philippines,Manila,2022-07-01,2022,7,338.785,295.17,382.4,7.539032258064516,30,1,-87.22999999999996
SEA_PH_MANILA,Philippines,Manila,2022-08-01,2022,8,382.885,341.27,424.5,8.726129032258065,31,3,-83.23000000000002
SEA_PH_MANILA,Philippines,Manila,2022-09-01,2022,9,405.535,368.87,442.2,7.001,30,8,-73.32999999999998
SEA_PH_MANILA,Philippines,Manila,2022-10-01,2022,10,481.675,560.65,402.7,7.603548387096773,31,6,157.95
SEA_PH_MANILA,Philippines,Manila,2022-11-01,2022,11,187.945,239.09,136.8,6.637666666666666,26,1,102.28999999999999
SEA_PH_MANILA,Philippines,Manila,2022-12-01,2022,12,201.99,316.38,87.6,7.490322580645161,30,1,228.78
SEA_PH_MANILA,Philippines,Manila,2023-01-01,2023,1,248.68,404.36,93.0,10.094193548387098,24,4,311.36
SEA_PH_MANILA,Philippines,Manila,2023-02-01,2023,2,81.495,117.59,45.4,2.649642857142857,15,1,72.19
SEA_PH_MANILA,Philippines,Manila,2023-03-01,2023,3,21.32,23.34,19.3,0.5748387096774193,5,0,4.039999999999999
SEA_PH_MANILA,Philippines,Manila,2023-04-01,2023,4,106.08500000000001,94.87,117.3,2.2150000000000003,16,1,-22.429999999999993
SEA_PH_MANILA,Philippines,Manila,2023-05-01,2023,5,146.25,150.2,142.3,3.7580645161290325,30,0,7.899999999999977
SEA_PH_MANILA,Philippines,Manila,2023-06-01,2023,6,284.675,272.05,297.3,5.960999999999999,30,2,-25.25
SEA_PH_MANILA,Philippines,Manila,2023-07-01,2023,7,415.46,429.02,401.9,5.474838709677419,29,6,27.120000000000005
SEA_PH_MANILA,Philippines,Manila,2023-08-01,2023,8,179.585,188.17000000000002,171.0,2.601612903225807,30,0,17.170000000000016
SEA_PH_MANILA,Philippines,Manila,2023-09-01,2023,9,289.755,237.10999999999999,342.4,4.717666666666667,29,3,-105.28999999999999
SEA_PH_MANILA,Philippines,Manila,2023-10-01,2023,10,217.695,255.69,179.7,5.797741935483871,30,0,75.99000000000001
SEA_PH_MANILA,Philippines,Manila,2023-11-01,2023,11,189.42,323.74,55.1,9.116000000000001,26,0,268.64
SEA_PH_MANILA,Philippines,Manila,2023-12-01,2023,12,205.315,338.73,71.9,8.746129032258064,29,2,266.83000000000004
SEA_PH_MANILA,Philippines,Manila,2024-01-01,2024,1,59.43,93.06,25.8,2.233548387096774,18,0,67.26
SEA_PH_MANILA,Philippines,Manila,2024-02-01,2024,2,22.715,38.230000000000004,7.2,1.2948275862068968,9,0,31.030000000000005
SEA_PH_MANILA,Philippines,Manila,2024-03-01,2024,3,63.555,69.91,57.2,1.4854838709677418,17,0,12.709999999999994
SEA_PH_MANILA,Philippines,Manila,2024-04-01,2024,4,12.37,12.14,12.6,0.4373333333333333,5,0,-0.4599999999999991
SEA_PH_MANILA,Philippines,Manila,2024-05-01,2024,5,238.19,268.18,208.20000000000002,4.287096774193548,23,2,59.97999999999999
SEA_PH_MANILA,Philippines,Manila,2024-06-01,2024,6,237.43,238.35999999999999,236.5,4.971333333333333,29,0,1.8599999999999852
SEA_PH_MANILA,Philippines,Manila,2024-07-01,2024,7,500.49,528.28,472.7,9.311612903225807,31,5,55.579999999999984
SEA_PH_MANILA,Philippines,Manila,2024-08-01,2024,8,238.52,218.94,258.1,4.314193548387097,31,1,-39.160000000000025
SEA_PH_MANILA,Philippines,Manila,2024-09-01,2024,9,410.24,385.38,435.1,5.53,27,6,-49.72000000000003
SEA_PH_MANILA,Philippines,Manila,2024-10-01,2024,10,401.505,504.40999999999997,298.6,10.719032258064518,28,5,205.80999999999995
SEA_PH_MANILA,Philippines,Manila,2024-11-01,2024,11,126.25999999999999,165.62,86.9,4.417333333333334,22,1,78.72
SEA_PH_MANILA,Philippines,Manila,2024-12-01,2024,12,391.71500000000003,573.43,210.0,12.827419354838709,30,5,363.42999999999995
SEA_PH_MANILA,Philippines,Manila,2025-01-01,2025,1,130.37,210.24,50.5,5.280645161290323,26,0,159.74
SEA_PH_MANILA,Philippines,Manila,2025-02-01,2025,2,158.625,219.95,97.3,5.486071428571428,21,1,122.64999999999999
SEA_PH_MANILA,Philippines,Manila,2025-03-01,2025,3,78.77,129.94,27.6,3.321935483870968,19,0,102.34
SEA_PH_MANILA,Philippines,Manila,2025-04-01,2025,4,40.085,58.57,21.6,1.777,11,0,36.97
SEA_PH_MANILA,Philippines,Manila,2025-05-01,2025,5,163.8,205.3,122.3,5.0361290322580645,29,1,83.00000000000001
SEA_PH_MANILA,Philippines,Manila,2025-06-01,2025,6,319.725,306.65,332.8,8.099,28,3,-26.150000000000034
SEA_PH_MANILA,Philippines,Manila,2025-07-01,2025,7,525.675,527.35,524.0,7.393870967741935,30,7,3.3500000000000227
SEA_PH_MANILA,Philippines,Manila,2025-08-01,2025,8,302.655,304.81,300.5,3.888709677419355,26,3,4.310000000000002
SEA_PH_MANILA,Philippines,Manila,2025-09-01,2025,9,393.505,450.61,336.4,6.570333333333333,30,6,114.21000000000004
SEA_PH_MANILA,Philippines,Manila,2025-10-01,2025,10,327.125,431.05,223.2,7.605483870967742,31,3,207.85000000000002
SEA_PH_MANILA,Philippines,Manila,2025-11-01,2025,11,383.21,545.72,220.7,12.402666666666667,28,6,325.02000000000004
SEA_PH_MANILA,Philippines,Manila,2025-12-01,2025,12,229.76500000000001,334.43,125.1,7.214516129032258,26,1,209.33
SEA_SG_SINGAPORE,Singapore,Singapore,2020-01-01,2020,1,122.58,97.25999999999999,147.9,2.721290322580645,22,1,-50.640000000000015
SEA_SG_SINGAPORE,Singapore,Singapore,2020-02-01,2020,2,115.13000000000001,114.46,115.8,3.1606896551724137,16,2,-1.3400000000000034
SEA_SG_SINGAPORE,Singapore,Singapore,2020-03-01,2020,3,105.52000000000001,73.74,137.3,2.212903225806452,22,0,-63.56000000000002
SEA_SG_SINGAPORE,Singapore,Singapore,2020-04-01,2020,4,300.89,206.88,394.9,7.649333333333333,22,4,-188.01999999999998
SEA_SG_SINGAPORE,Singapore,Singapore,2020-05-01,2020,5,342.64,231.68,453.6,9.30774193548387,31,5,-221.92000000000002
SEA_SG_SINGAPORE,Singapore,Singapore,2020-06-01,2020,6,413.43,283.96,542.9,11.576666666666666,28,5,-258.94
SEA_SG_SINGAPORE,Singapore,Singapore,2020-07-01,2020,7,308.465,251.33,365.6,6.01,29,3,-114.27000000000001
SEA_SG_SINGAPORE,Singapore,Singapore,2020-08-01,2020,8,163.18,167.26,159.1,3.56,26,0,8.159999999999997
SEA_SG_SINGAPORE,Singapore,Singapore,2020-09-01,2020,9,302.14,245.98,358.3,7.6306666666666665,30,2,-112.32000000000002
SEA_SG_SINGAPORE,Singapore,Singapore,2020-10-01,2020,10,263.72,175.44,352.0,7.5445161290322575,30,1,-176.56
SEA_SG_SINGAPORE,Singapore,Singapore,2020-11-01,2020,11,358.17,342.04,374.3,7.355333333333333,28,4,-32.25999999999999
SEA_SG_SINGAPORE,Singapore,Singapore,2020-12-01,2020,12,308.245,267.49,349.0,5.7622580645161285,31,3,-81.50999999999999
SEA_SG_SINGAPORE,Singapore,Singapore,2021-01-01,2021,1,481.94,603.48,360.4,9.65548387096774,27,7,243.08000000000004
SEA_SG_SINGAPORE,Singapore,Singapore,2021-02-01,2021,2,206.31,374.62,38.0,13.089285714285714,20,3,336.62
SEA_SG_SINGAPORE,Singapore,Singapore,2021-03-01,2021,3,280.99,222.48,339.5,6.858064516129032,27,3,-117.02000000000001
SEA_SG_SINGAPORE,Singapore,Singapore,2021-04-01,2021,4,299.865,274.33,325.4,6.869,30,2,-51.06999999999999
SEA_SG_SINGAPORE,Singapore,Singapore,2021-05-01,2021,5,358.045,338.09,378.0,7.747419354838709,31,5,-39.910000000000025
SEA_SG_SINGAPORE,Singapore,Singapore,2021-06-01,2021,6,364.46500000000003,346.93,382.0,12.598333333333333,29,5,-35.06999999999999
SEA_SG_SINGAPORE,Singapore,Singapore,2021-07-01,2021,7,399.51,480.52,318.5,15.567096774193548,24,9,162.01999999999998
SEA_SG_SINGAPORE,Singapore,Singapore,2021-08-01,2021,8,398.04,465.58,330.5,10.172903225806452,31,5,135.07999999999998
SEA_SG_SINGAPORE,Singapore,Singapore,2021-09-01,2021,9,322.05,370.9,273.2,10.638000000000002,30,4,97.69999999999999
SEA_SG_SINGAPORE,Singapore,Singapore,2021-10-01,2021,10,253.05,223.1,283.0,4.7696774193548395,29,1,-59.900000000000006
SEA_SG_SINGAPORE,Singapore,Singapore,2021-11-01,2021,11,308.205,277.90999999999997,338.5,5.236999999999999,28,4,-60.59000000000003
SEA_SG_SINGAPORE,Singapore,Singapore,2021-12-01,2021,12,290.18,303.86,276.5,5.958064516129032,28,4,27.360000000000014
SEA_SG_SINGAPORE,Singapore,Singapore,2022-01-01,2022,1,180.59,239.38,121.8,6.06258064516129,23,2,117.58
SEA_SG_SINGAPORE,Singapore,Singapore,2022-02-01,2022,2,293.495,411.69,175.3,9.560357142857143,27,4,236.39
SEA_SG_SINGAPORE,Singapore,Singapore,2022-03-01,2022,3,180.81,196.92000000000002,164.7,4.426451612903226,29,1,32.22000000000003
SEA_SG_SINGAPORE,Singapore,Singapore,2022-04-01,2022,4,275.475,356.15,194.79999999999998,8.043,30,2,161.35
SEA_SG_SINGAPORE,Singapore,Singapore,2022-05-01,2022,5,274.995,362.49,187.5,8.657741935483871,27,3,174.99
SEA_SG_SINGAPORE,Singapore,Singapore,2022-06-01,2022,6,409.63,385.46,433.8,8.226666666666667,30,5,-48.34000000000003
SEA_SG_SINGAPORE,Singapore,Singapore,2022-07-01,2022,7,153.245,159.19,147.3,3.213225806451613,25,0,11.889999999999986
SEA_SG_SINGAPORE,Singapore,Singapore,2022-08-01,2022,8,311.545,276.49,346.6,8.938387096774193,30,5,-70.11000000000001
SEA_SG_SINGAPORE,Singapore,Singapore,2022-09-01,2022,9,331.955,389.51,274.4,9.046333333333333,30,4,115.11000000000001
SEA_SG_SINGAPORE,Singapore,Singapore,2022-10-01,2022,10,395.415,438.23,352.59999999999997,9.909354838709678,31,6,85.63000000000005
SEA_SG_SINGAPORE,Singapore,Singapore,2022-11-01,2022,11,408.98,482.76,335.2,13.418000000000001,30,4,147.56
SEA_SG_SINGAPORE,Singapore,Singapore,2022-12-01,2022,12,320.89,355.88,285.9,8.140645161290323,30,2,69.98000000000002
SEA_SG_SINGAPORE,Singapore,Singapore,2023-01-01,2023,1,346.915,409.93,283.9,5.755806451612903,27,4,126.03000000000003
SEA_SG_SINGAPORE,Singapore,Singapore,2023-02-01,2023,2,325.64,442.18,209.1,10.752142857142857,24,2,233.08
SEA_SG_SINGAPORE,Singapore,Singapore,2023-03-01,2023,3,497.915,741.9300000000001,253.9,19.345483870967744,31,8,488.0300000000001
SEA_SG_SINGAPORE,Singapore,Singapore,2023-04-01,2023,4,222.635,251.97,193.3,5.594333333333334,29,1,58.66999999999999
SEA_SG_SINGAPORE,Singapore,Singapore,2023-05-01,2023,5,188.175,175.05,201.3,4.631290322580645,28,1,-26.25
SEA_SG_SINGAPORE,Singapore,Singapore,2023-06-01,2023,6,240.70499999999998,234.41,247.0,6.316333333333334,28,1,-12.590000000000003
SEA_SG_SINGAPORE,Singapore,Singapore,2023-07-01,2023,7,413.565,515.03,312.1,11.448709677419355,28,9,202.92999999999995
SEA_SG_SINGAPORE,Singapore,Singapore,2023-08-01,2023,8,543.93,702.66,385.2,22.069032258064517,28,8,317.46
SEA_SG_SINGAPORE,Singapore,Singapore,2023-09-01,2023,9,334.02,440.04,228.0,10.373333333333333,24,6,212.04000000000002
SEA_SG_SINGAPORE,Singapore,Singapore,2023-10-01,2023,10,379.21,493.42,265.0,13.52516129032258,27,5,228.42000000000002
SEA_SG_SINGAPORE,Singapore,Singapore,2023-11-01,2023,11,523.16,628.82,417.5,16.952666666666666,30,10,211.32000000000005
SEA_SG_SINGAPORE,Singapore,Singapore,2023-12-01,2023,12,513.44,622.28,404.6,14.433548387096774,31,9,217.67999999999995
SEA_SG_SINGAPORE,Singapore,Singapore,2024-01-01,2024,1,588.36,617.62,559.1,9.527096774193547,31,13,58.51999999999998
SEA_SG_SINGAPORE,Singapore,Singapore,2024-02-01,2024,2,324.78000000000003,469.76,179.8,12.657241379310346,28,4,289.96
SEA_SG_SINGAPORE,Singapore,Singapore,2024-03-01,2024,3,521.26,799.72,242.8,26.171612903225803,29,6,556.9200000000001
SEA_SG_SINGAPORE,Singapore,Singapore,2024-04-01,2024,4,287.73,245.46,330.0,6.632666666666667,29,3,-84.53999999999999
SEA_SG_SINGAPORE,Singapore,Singapore,2024-05-01,2024,5,570.0649999999999,698.8299999999999,441.3,16.406129032258065,31,8,257.5299999999999
SEA_SG_SINGAPORE,Singapore,Singapore,2024-06-01,2024,6,289.75,257.3,322.2,7.201333333333333,30,2,-64.89999999999998
SEA_SG_SINGAPORE,Singapore,Singapore,2024-07-01,2024,7,211.57999999999998,288.06,135.1,7.779354838709677,23,3,152.96
SEA_SG_SINGAPORE,Singapore,Singapore,2024-08-01,2024,8,291.375,306.45,276.3,6.457741935483871,29,1,30.149999999999977
SEA_SG_SINGAPORE,Singapore,Singapore,2024-09-01,2024,9,310.385,368.17,252.60000000000002,9.603000000000002,30,2,115.57
SEA_SG_SINGAPORE,Singapore,Singapore,2024-10-01,2024,10,353.76,402.12,305.4,11.569677419354838,30,3,96.72000000000003
SEA_SG_SINGAPORE,Singapore,Singapore,2024-11-01,2024,11,463.44,390.18,536.7,10.601333333333335,29,8,-146.52000000000004
SEA_SG_SINGAPORE,Singapore,Singapore,2024-12-01,2024,12,296.765,320.93,272.6,10.989354838709678,30,4,48.329999999999984
SEA_SG_SINGAPORE,Singapore,Singapore,2025-01-01,2025,1,640.205,865.61,414.8,16.88225806451613,28,9,450.81
SEA_SG_SINGAPORE,Singapore,Singapore,2025-02-01,2025,2,111.36500000000001,122.83,99.9,3.4960714285714287,18,0,22.929999999999993
SEA_SG_SINGAPORE,Singapore,Singapore,2025-03-01,2025,3,584.73,836.66,332.8,19.070322580645165,30,10,503.85999999999996
SEA_SG_SINGAPORE,Singapore,Singapore,2025-04-01,2025,4,359.92,331.53999999999996,388.3,7.139333333333334,30,5,-56.76000000000005
SEA_SG_SINGAPORE,Singapore,Singapore,2025-05-01,2025,5,409.595,592.89,226.3,16.20483870967742,31,5,366.59
SEA_SG_SINGAPORE,Singapore,Singapore,2025-06-01,2025,6,365.315,597.93,132.7,18.407,27,5,465.22999999999996
SEA_SG_SINGAPORE,Singapore,Singapore,2025-07-01,2025,7,357.595,572.69,142.5,16.69645161290323,30,4,430.19000000000005
SEA_SG_SINGAPORE,Singapore,Singapore,2025-08-01,2025,8,273.36,280.42,266.3,7.18258064516129,28,3,14.120000000000005
SEA_SG_SINGAPORE,Singapore,Singapore,2025-09-01,2025,9,310.55,443.3,177.8,11.013333333333332,30,3,265.5
SEA_SG_SINGAPORE,Singapore,Singapore,2025-10-01,2025,10,516.095,868.59,163.6,24.279032258064515,29,7,704.99
SEA_SG_SINGAPORE,Singapore,Singapore,2025-11-01,2025,11,262.38,304.46,220.3,5.494,28,1,84.15999999999997
SEA_SG_SINGAPORE,Singapore,Singapore,2025-12-01,2025,12,978.225,1647.95,308.5,47.13193548387097,30,17,1339.45
SEA_TH_BANGKOK,Thailand,Bangkok,2020-01-01,2020,1,8.215,6.23,10.2,0.2725806451612903,3,0,-3.969999999999999
SEA_TH_BANGKOK,Thailand,Bangkok,2020-02-01,2020,2,8.535,5.27,11.799999999999999,0.40241379310344827,2,0,-6.529999999999999
SEA_TH_BANGKOK,Thailand,Bangkok,2020-03-01,2020,3,18.185000000000002,20.569999999999997,15.799999999999999,0.6429032258064517,2,0,4.769999999999998
SEA_TH_BANGKOK,Thailand,Bangkok,2020-04-01,2020,4,70.15,72.7,67.6,1.9740000000000002,14,0,5.1000000000000085
SEA_TH_BANGKOK,Thailand,Bangkok,2020-05-01,2020,5,68.555,83.81,53.3,1.651290322580645,19,0,30.510000000000005
SEA_TH_BANGKOK,Thailand,Bangkok,2020-06-01,2020,6,187.03,225.76,148.3,6.521333333333333,25,1,77.45999999999998
SEA_TH_BANGKOK,Thailand,Bangkok,2020-07-01,2020,7,182.74,222.07999999999998,143.4,4.532903225806452,29,0,78.67999999999998
SEA_TH_BANGKOK,Thailand,Bangkok,2020-08-01,2020,8,182.385,200.47,164.3,3.917741935483871,28,0,36.16999999999999
SEA_TH_BANGKOK,Thailand,Bangkok,2020-09-01,2020,9,277.15999999999997,305.62,248.7,5.4126666666666665,29,3,56.920000000000016
SEA_TH_BANGKOK,Thailand,Bangkok,2020-10-01,2020,10,435.51,392.02,479.0,9.551612903225807,23,8,-86.98000000000002
SEA_TH_BANGKOK,Thailand,Bangkok,2020-11-01,2020,11,40.855,33.41,48.3,1.605,8,0,-14.89
SEA_TH_BANGKOK,Thailand,Bangkok,2020-12-01,2020,12,8.015,1.73,14.3,0.40548387096774197,2,0,-12.57
SEA_TH_BANGKOK,Thailand,Bangkok,2021-01-01,2021,1,1.1,0.0,2.2,0.07096774193548387,0,0,-2.2
SEA_TH_BANGKOK,Thailand,Bangkok,2021-02-01,2021,2,24.34,22.28,26.400000000000002,0.7021428571428572,4,0,-4.120000000000001
SEA_TH_BANGKOK,Thailand,Bangkok,2021-03-01,2021,3,28.599999999999998,21.9,35.3,0.7445161290322582,4,0,-13.399999999999999
SEA_TH_BANGKOK,Thailand,Bangkok,2021-04-01,2021,4,165.295,166.19,164.4,4.197666666666667,25,0,1.789999999999992
SEA_TH_BANGKOK,Thailand,Bangkok,2021-05-01,2021,5,120.075,131.85,108.3,3.426774193548387,23,0,23.549999999999997
SEA_TH_BANGKOK,Thailand,Bangkok,2021-06-01,2021,6,104.935,111.97,97.89999999999999,3.287,24,0,14.070000000000007
SEA_TH_BANGKOK,Thailand,Bangkok,2021-07-01,2021,7,245.685,231.27,260.1,4.088709677419355,28,1,-28.830000000000013
SEA_TH_BANGKOK,Thailand,Bangkok,2021-08-01,2021,8,212.815,208.43,217.2,4.7777419354838715,27,1,-8.769999999999982
SEA_TH_BANGKOK,Thailand,Bangkok,2021-09-01,2021,9,335.105,335.21,335.0,6.177666666666667,29,3,0.20999999999997954
SEA_TH_BANGKOK,Thailand,Bangkok,2021-10-01,2021,10,259.045,228.79,289.3,7.100322580645161,27,3,-60.51000000000002
SEA_TH_BANGKOK,Thailand,Bangkok,2021-11-01,2021,11,78.99,36.08,121.9,3.6013333333333333,15,0,-85.82000000000001
SEA_TH_BANGKOK,Thailand,Bangkok,2021-12-01,2021,12,6.6499999999999995,3.8,9.5,0.19806451612903228,2,0,-5.7
SEA_TH_BANGKOK,Thailand,Bangkok,2022-01-01,2022,1,25.465,15.629999999999999,35.3,1.2641935483870967,4,0,-19.669999999999998
SEA_TH_BANGKOK,Thailand,Bangkok,2022-02-01,2022,2,90.14,79.88,100.39999999999999,3.032857142857143,16,0,-20.519999999999996
SEA_TH_BANGKOK,Thailand,Bangkok,2022-03-01,2022,3,92.21,72.52,111.9,2.3941935483870966,14,0,-39.38000000000001
SEA_TH_BANGKOK,Thailand,Bangkok,2022-04-01,2022,4,86.655,88.21000000000001,85.1,2.872333333333333,10,1,3.1100000000000136
SEA_TH_BANGKOK,Thailand,Bangkok,2022-05-01,2022,5,247.65,237.9,257.4,5.1251612903225805,26,4,-19.49999999999997
SEA_TH_BANGKOK,Thailand,Bangkok,2022-06-01,2022,6,140.06,138.22,141.9,3.464,28,0,-3.680000000000007
SEA_TH_BANGKOK,Thailand,Bangkok,2022-07-01,2022,7,227.46,244.42000000000002,210.5,4.137419354838709,30,3,33.920000000000016
SEA_TH_BANGKOK,Thailand,Bangkok,2022-08-01,2022,8,302.27,314.94,289.6,5.001290322580646,30,5,25.339999999999975
SEA_TH_BANGKOK,Thailand,Bangkok,2022-09-01,2022,9,432.87,430.84,434.9,7.316,30,10,-4.060000000000002
SEA_TH_BANGKOK,Thailand,Bangkok,2022-10-01,2022,10,213.98499999999999,209.67,218.3,3.320967741935484,18,4,-8.630000000000024
SEA_TH_BANGKOK,Thailand,Bangkok,2022-11-01,2022,11,104.82000000000001,82.04,127.6,2.3686666666666665,17,0,-45.55999999999999
SEA_TH_BANGKOK,Thailand,Bangkok,2022-12-01,2022,12,7.9750000000000005,5.25,10.7,0.35387096774193544,3,0,-5.449999999999999
SEA_TH_BANGKOK,Thailand,Bangkok,2023-01-01,2023,1,7.1499999999999995,3.8999999999999995,10.4,0.34451612903225803,2,0,-6.500000000000001
SEA_TH_BANGKOK,Thailand,Bangkok,2023-02-01,2023,2,40.88,19.46,62.3,1.8599999999999999,6,1,-42.839999999999996
SEA_TH_BANGKOK,Thailand,Bangkok,2023-03-01,2023,3,11.915000000000001,5.63,18.2,0.5209677419354838,3,0,-12.57
SEA_TH_BANGKOK,Thailand,Bangkok,2023-04-01,2023,4,63.0,30.8,95.2,2.744,12,0,-64.4
SEA_TH_BANGKOK,Thailand,Bangkok,2023-05-01,2023,5,95.525,88.75,102.3,2.135806451612903,18,0,-13.549999999999997
SEA_TH_BANGKOK,Thailand,Bangkok,2023-06-01,2023,6,181.465,137.23,225.7,5.679,27,1,-88.47
SEA_TH_BANGKOK,Thailand,Bangkok,2023-07-01,2023,7,229.88,214.56,245.2,6.9238709677419354,29,2,-30.639999999999986
SEA_TH_BANGKOK,Thailand,Bangkok,2023-08-01,2023,8,221.73000000000002,179.45999999999998,264.0,5.7696774193548395,29,1,-84.54000000000002
SEA_TH_BANGKOK,Thailand,Bangkok,2023-09-01,2023,9,332.53000000000003,309.96,355.1,6.492,30,3,-45.14000000000004
SEA_TH_BANGKOK,Thailand,Bangkok,2023-10-01,2023,10,211.095,175.59,246.6,3.63258064516129,27,1,-71.00999999999999
SEA_TH_BANGKOK,Thailand,Bangkok,2023-11-01,2023,11,58.845,54.49,63.199999999999996,1.4549999999999998,11,0,-8.709999999999994
SEA_TH_BANGKOK,Thailand,Bangkok,2023-12-01,2023,12,21.314999999999998,9.629999999999999,33.0,0.893225806451613,4,0,-23.37
SEA_TH_BANGKOK,Thailand,Bangkok,2024-01-01,2024,1,7.31,1.02,13.6,0.43290322580645163,1,0,-12.58
SEA_TH_BANGKOK,Thailand,Bangkok,2024-02-01,2024,2,12.040000000000001,4.18,19.9,0.5944827586206898,5,0,-15.719999999999999
SEA_TH_BANGKOK,Thailand,Bangkok,2024-03-01,2024,3,50.05,33.6,66.5,1.2754838709677419,12,0,-32.9
SEA_TH_BANGKOK,Thailand,Bangkok,2024-04-01,2024,4,4.84,4.38,5.3,0.24333333333333332,0,0,-0.9199999999999999
SEA_TH_BANGKOK,Thailand,Bangkok,2024-05-01,2024,5,248.235,223.27,273.2,4.500322580645161,24,4,-49.92999999999998
SEA_TH_BANGKOK,Thailand,Bangkok,2024-06-01,2024,6,144.71,113.72,175.7,4.300666666666666,26,1,-61.97999999999999
SEA_TH_BANGKOK,Thailand,Bangkok,2024-07-01,2024,7,280.535,229.57,331.5,7.007419354838709,30,2,-101.93
SEA_TH_BANGKOK,Thailand,Bangkok,2024-08-01,2024,8,200.585,238.67,162.5,4.857741935483871,27,0,76.16999999999999
SEA_TH_BANGKOK,Thailand,Bangkok,2024-09-01,2024,9,292.945,291.49,294.4,5.2843333333333335,29,3,-2.909999999999968
SEA_TH_BANGKOK,Thailand,Bangkok,2024-10-01,2024,10,228.37,238.24,218.5,5.770967741935484,27,2,19.74000000000001
SEA_TH_BANGKOK,Thailand,Bangkok,2024-11-01,2024,11,50.300000000000004,34.199999999999996,66.4,1.288,8,1,-32.20000000000001
SEA_TH_BANGKOK,Thailand,Bangkok,2024-12-01,2024,12,5.42,1.34,9.5,0.29096774193548386,1,0,-8.16
SEA_TH_BANGKOK,Thailand,Bangkok,2025-01-01,2025,1,0.785,1.37,0.2,0.05064516129032258,0,0,1.1700000000000002
SEA_TH_BANGKOK,Thailand,Bangkok,2025-02-01,2025,2,35.555,12.209999999999999,58.9,1.7053571428571428,8,0,-46.69
SEA_TH_BANGKOK,Thailand,Bangkok,2025-03-01,2025,3,52.095,42.59,61.599999999999994,1.4158064516129032,9,0,-19.00999999999999
SEA_TH_BANGKOK,Thailand,Bangkok,2025-04-01,2025,4,102.74000000000001,93.08,112.4,4.168666666666667,22,1,-19.320000000000007
SEA_TH_BANGKOK,Thailand,Bangkok,2025-05-01,2025,5,288.47,344.64,232.3,5.835483870967742,30,1,112.33999999999997
SEA_TH_BANGKOK,Thailand,Bangkok,2025-06-01,2025,6,162.23,139.96,184.5,4.180000000000001,28,0,-44.53999999999999
SEA_TH_BANGKOK,Thailand,Bangkok,2025-07-01,2025,7,193.835,170.67,217.0,4.88741935483871,31,0,-46.33000000000001
SEA_TH_BANGKOK,Thailand,Bangkok,2025-08-01,2025,8,164.97,145.94,184.0,4.056129032258065,26,0,-38.06
SEA_TH_BANGKOK,Thailand,Bangkok,2025-09-01,2025,9,314.65,365.4,263.9,7.504666666666666,30,3,101.5
SEA_TH_BANGKOK,Thailand,Bangkok,2025-10-01,2025,10,177.385,163.87,190.9,5.179677419354839,22,1,-27.03
SEA_TH_BANGKOK,Thailand,Bangkok,2025-11-01,2025,11,140.18,119.96,160.4,4.382000000000001,14,2,-40.44000000000001
SEA_TH_BANGKOK,Thailand,Bangkok,2025-12-01,2025,12,5.93,2.66,9.2,0.2748387096774194,2,0,-6.539999999999999
SEA_TL_DILI,Timor-Leste,Dili,2020-01-01,2020,1,244.645,208.49,280.8,8.220322580645162,29,1,-72.31
SEA_TL_DILI,Timor-Leste,Dili,2020-02-01,2020,2,229.6,161.8,297.4,8.24551724137931,27,1,-135.59999999999997
SEA_TL_DILI,Timor-Leste,Dili,2020-03-01,2020,3,272.68,108.36,437.0,12.318709677419355,28,2,-328.64
SEA_TL_DILI,Timor-Leste,Dili,2020-04-01,2020,4,135.915,72.63000000000001,199.2,5.707,18,0,-126.56999999999998
SEA_TL_DILI,Timor-Leste,Dili,2020-05-01,2020,5,94.91,97.32000000000001,92.5,4.281935483870968,18,1,4.820000000000007
SEA_TL_DILI,Timor-Leste,Dili,2020-06-01,2020,6,8.709999999999999,3.72,13.7,0.4799999999999999,2,0,-9.979999999999999
SEA_TL_DILI,Timor-Leste,Dili,2020-07-01,2020,7,4.49,2.18,6.8,0.2703225806451613,0,0,-4.619999999999999
SEA_TL_DILI,Timor-Leste,Dili,2020-08-01,2020,8,8.25,0.0,16.5,0.532258064516129,2,0,-16.5
SEA_TL_DILI,Timor-Leste,Dili,2020-09-01,2020,9,19.15,0.0,38.3,1.2766666666666666,3,0,-38.3
SEA_TL_DILI,Timor-Leste,Dili,2020-10-01,2020,10,75.65,17.2,134.1,4.006451612903226,12,0,-116.89999999999999
SEA_TL_DILI,Timor-Leste,Dili,2020-11-01,2020,11,94.38,50.66,138.1,5.319999999999999,16,0,-87.44
SEA_TL_DILI,Timor-Leste,Dili,2020-12-01,2020,12,289.175,312.75,265.6,9.586774193548386,30,5,47.14999999999998
SEA_TL_DILI,Timor-Leste,Dili,2021-01-01,2021,1,368.51,317.42,419.6,13.811612903225807,30,4,-102.18
SEA_TL_DILI,Timor-Leste,Dili,2021-02-01,2021,2,304.985,326.87,283.09999999999997,13.181071428571428,24,5,43.77000000000004
SEA_TL_DILI,Timor-Leste,Dili,2021-03-01,2021,3,195.345,103.19,287.5,6.929354838709678,25,1,-184.31
SEA_TL_DILI,Timor-Leste,Dili,2021-04-01,2021,4,404.51,256.02,553.0,12.239333333333333,21,5,-296.98
SEA_TL_DILI,Timor-Leste,Dili,2021-05-01,2021,5,32.75,16.7,48.8,1.3651612903225807,10,0,-32.099999999999994
SEA_TL_DILI,Timor-Leste,Dili,2021-06-01,2021,6,53.14,18.38,87.9,3.158,14,0,-69.52000000000001
SEA_TL_DILI,Timor-Leste,Dili,2021-07-01,2021,7,9.2,0.0,18.4,0.5935483870967742,3,0,-18.4
SEA_TL_DILI,Timor-Leste,Dili,2021-08-01,2021,8,11.73,8.559999999999999,14.9,0.4612903225806451,4,0,-6.340000000000002
SEA_TL_DILI,Timor-Leste,Dili,2021-09-01,2021,9,23.330000000000002,24.46,22.2,1.3513333333333333,5,0,2.2600000000000016
SEA_TL_DILI,Timor-Leste,Dili,2021-10-01,2021,10,69.755,30.21,109.3,2.9693548387096773,18,0,-79.09
SEA_TL_DILI,Timor-Leste,Dili,2021-11-01,2021,11,205.95,95.5,316.4,9.673333333333334,28,1,-220.89999999999998
SEA_TL_DILI,Timor-Leste,Dili,2021-12-01,2021,12,252.8,191.3,314.3,7.932903225806451,29,2,-123.0
SEA_TL_DILI,Timor-Leste,Dili,2022-01-01,2022,1,263.09000000000003,268.88,257.3,5.849677419354839,31,2,11.579999999999984
SEA_TL_DILI,Timor-Leste,Dili,2022-02-01,2022,2,278.27,225.34,331.2,9.932142857142859,27,4,-105.85999999999999
SEA_TL_DILI,Timor-Leste,Dili,2022-03-01,2022,3,222.57,127.64,317.5,8.743225806451614,30,1,-189.86
SEA_TL_DILI,Timor-Leste,Dili,2022-04-01,2022,4,85.22500000000001,32.05,138.4,3.5450000000000004,12,0,-106.35000000000001
SEA_TL_DILI,Timor-Leste,Dili,2022-05-01,2022,5,58.765,28.229999999999997,89.3,3.1022580645161293,16,0,-61.07
SEA_TL_DILI,Timor-Leste,Dili,2022-06-01,2022,6,152.60999999999999,93.62,211.6,5.821333333333333,19,2,-117.97999999999999
SEA_TL_DILI,Timor-Leste,Dili,2022-07-01,2022,7,36.25,5.4,67.1,2.0283870967741935,8,0,-61.699999999999996
SEA_TL_DILI,Timor-Leste,Dili,2022-08-01,2022,8,13.715,0.23,27.200000000000003,0.8706451612903227,4,0,-26.970000000000002
SEA_TL_DILI,Timor-Leste,Dili,2022-09-01,2022,9,31.3,1.2000000000000002,61.4,2.038,5,0,-60.199999999999996
SEA_TL_DILI,Timor-Leste,Dili,2022-10-01,2022,10,143.54,61.28,225.8,6.00516129032258,23,1,-164.52
SEA_TL_DILI,Timor-Leste,Dili,2022-11-01,2022,11,229.21,121.62,336.8,8.570666666666666,27,2,-215.18
SEA_TL_DILI,Timor-Leste,Dili,2022-12-01,2022,12,246.38,219.76,273.0,8.671612903225807,24,3,-53.24000000000001
SEA_TL_DILI,Timor-Leste,Dili,2023-01-01,2023,1,132.09,89.88,174.3,5.301290322580646,23,1,-84.42000000000002
SEA_TL_DILI,Timor-Leste,Dili,2023-02-01,2023,2,306.46500000000003,398.93,214.0,11.229642857142858,28,3,184.93
SEA_TL_DILI,Timor-Leste,Dili,2023-03-01,2023,3,204.95,169.9,240.0,8.488387096774193,27,1,-70.1
SEA_TL_DILI,Timor-Leste,Dili,2023-04-01,2023,4,152.51999999999998,82.14,222.9,7.026000000000001,23,1,-140.76
SEA_TL_DILI,Timor-Leste,Dili,2023-05-01,2023,5,32.265,6.83,57.7,1.785483870967742,13,0,-50.870000000000005
SEA_TL_DILI,Timor-Leste,Dili,2023-06-01,2023,6,45.050000000000004,17.599999999999998,72.5,2.2213333333333334,11,0,-54.900000000000006
SEA_TL_DILI,Timor-Leste,Dili,2023-07-01,2023,7,65.365,50.830000000000005,79.9,1.7712903225806453,7,2,-29.07
SEA_TL_DILI,Timor-Leste,Dili,2023-08-01,2023,8,14.36,3.4200000000000004,25.3,0.7387096774193548,5,0,-21.88
SEA_TL_DILI,Timor-Leste,Dili,2023-09-01,2023,9,2.35,0.0,4.7,0.15666666666666668,0,0,-4.7
SEA_TL_DILI,Timor-Leste,Dili,2023-10-01,2023,10,10.05,0.0,20.1,0.6483870967741936,4,0,-20.1
SEA_TL_DILI,Timor-Leste,Dili,2023-11-01,2023,11,78.03,105.36,50.7,4.144,14,0,54.66
SEA_TL_DILI,Timor-Leste,Dili,2023-12-01,2023,12,166.78,122.56,211.0,5.7,26,1,-88.44
SEA_TL_DILI,Timor-Leste,Dili,2024-01-01,2024,1,211.8,253.4,170.20000000000002,5.441935483870967,19,4,83.19999999999999
SEA_TL_DILI,Timor-Leste,Dili,2024-02-01,2024,2,249.065,265.73,232.4,8.674827586206897,25,3,33.33000000000001
SEA_TL_DILI,Timor-Leste,Dili,2024-03-01,2024,3,273.16,191.02,355.3,7.741935483870968,28,5,-164.28
SEA_TL_DILI,Timor-Leste,Dili,2024-04-01,2024,4,177.89499999999998,140.89000000000001,214.9,7.449,19,3,-74.00999999999999
SEA_TL_DILI,Timor-Leste,Dili,2024-05-01,2024,5,68.39,18.580000000000002,118.2,3.2135483870967745,8,1,-99.62
SEA_TL_DILI,Timor-Leste,Dili,2024-06-01,2024,6,28.645,17.990000000000002,39.3,1.143,11,0,-21.309999999999995
SEA_TL_DILI,Timor-Leste,Dili,2024-07-01,2024,7,45.195,11.69,78.7,2.4267741935483866,6,0,-67.01
SEA_TL_DILI,Timor-Leste,Dili,2024-08-01,2024,8,6.904999999999999,0.01,13.799999999999999,0.4454838709677419,3,0,-13.79
SEA_TL_DILI,Timor-Leste,Dili,2024-09-01,2024,9,17.32,6.94,27.7,0.784,5,0,-20.759999999999998
SEA_TL_DILI,Timor-Leste,Dili,2024-10-01,2024,10,92.285,42.17,142.4,4.811935483870968,16,1,-100.23
SEA_TL_DILI,Timor-Leste,Dili,2024-11-01,2024,11,135.375,30.95,239.8,7.1290000000000004,22,0,-208.85000000000002
SEA_TL_DILI,Timor-Leste,Dili,2024-12-01,2024,12,320.91,166.22,475.6,12.204516129032259,30,5,-309.38
SEA_TL_DILI,Timor-Leste,Dili,2025-01-01,2025,1,314.85,262.9,366.8,9.498709677419354,28,4,-103.90000000000003
SEA_TL_DILI,Timor-Leste,Dili,2025-02-01,2025,2,321.815,270.33,373.3,10.560357142857143,26,3,-102.97000000000003
SEA_TL_DILI,Timor-Leste,Dili,2025-03-01,2025,3,274.75,215.9,333.6,7.589677419354839,30,2,-117.70000000000002
SEA_TL_DILI,Timor-Leste,Dili,2025-04-01,2025,4,179.815,149.23,210.4,6.730333333333333,22,1,-61.170000000000016
SEA_TL_DILI,Timor-Leste,Dili,2025-05-01,2025,5,153.32,70.44,236.2,6.392903225806452,21,1,-165.76
SEA_TL_DILI,Timor-Leste,Dili,2025-06-01,2025,6,39.81,10.02,69.60000000000001,2.038,9,0,-59.58000000000001
SEA_TL_DILI,Timor-Leste,Dili,2025-07-01,2025,7,17.07,0.84,33.3,1.052258064516129,6,0,-32.459999999999994
SEA_TL_DILI,Timor-Leste,Dili,2025-08-01,2025,8,5.945,0.29,11.6,0.37451612903225806,2,0,-11.31
SEA_TL_DILI,Timor-Leste,Dili,2025-09-01,2025,9,32.75,4.8999999999999995,60.6,1.906,8,0,-55.7
SEA_TL_DILI,Timor-Leste,Dili,2025-10-01,2025,10,74.28,30.259999999999998,118.3,3.4296774193548383,15,0,-88.03999999999999
SEA_TL_DILI,Timor-Leste,Dili,2025-11-01,2025,11,175.23,141.96,208.5,6.846666666666667,24,1,-66.53999999999999
SEA_TL_DILI,Timor-Leste,Dili,2025-12-01,2025,12,349.71500000000003,327.53,371.9,10.09258064516129,31,4,-44.370000000000005
SEA_VN_HANOI,Vietnam,Hanoi,2020-01-01,2020,1,80.485,65.17,95.8,2.6093548387096774,15,2,-30.629999999999995
SEA_VN_HANOI,Vietnam,Hanoi,2020-02-01,2020,2,51.31,27.62,75.0,1.6793103448275861,15,0,-47.379999999999995
SEA_VN_HANOI,Vietnam,Hanoi,2020-03-01,2020,3,142.03,111.46,172.6,3.427096774193548,20,2,-61.14
SEA_VN_HANOI,Vietnam,Hanoi,2020-04-01,2020,4,145.535,143.17,147.9,4.456333333333333,18,1,-4.730000000000018
SEA_VN_HANOI,Vietnam,Hanoi,2020-05-01,2020,5,134.245,134.69,133.8,3.4229032258064516,17,1,0.8899999999999864
SEA_VN_HANOI,Vietnam,Hanoi,2020-06-01,2020,6,118.7,110.7,126.7,4.641333333333333,18,1,-16.0
SEA_VN_HANOI,Vietnam,Hanoi,2020-07-01,2020,7,147.82,130.34,165.3,4.232903225806451,21,0,-34.96000000000001
SEA_VN_HANOI,Vietnam,Hanoi,2020-08-01,2020,8,429.42,410.34,448.5,8.714193548387096,29,9,-38.160000000000025
SEA_VN_HANOI,Vietnam,Hanoi,2020-09-01,2020,9,439.14,264.18,614.1,15.459333333333335,28,6,-349.92
SEA_VN_HANOI,Vietnam,Hanoi,2020-10-01,2020,10,323.115,379.43,266.8,7.493870967741936,17,4,112.63
SEA_VN_HANOI,Vietnam,Hanoi,2020-11-01,2020,11,57.830000000000005,35.160000000000004,80.5,1.8733333333333333,8,1,-45.339999999999996
SEA_VN_HANOI,Vietnam,Hanoi,2020-12-01,2020,12,13.375,4.15,22.6,0.6564516129032258,5,0,-18.450000000000003
SEA_VN_HANOI,Vietnam,Hanoi,2021-01-01,2021,1,9.36,2.62,16.1,0.4754838709677419,4,0,-13.48
SEA_VN_HANOI,Vietnam,Hanoi,2021-02-01,2021,2,63.155,55.91,70.39999999999999,1.9482142857142857,7,2,-14.489999999999995
SEA_VN_HANOI,Vietnam,Hanoi,2021-03-01,2021,3,41.489999999999995,36.58,46.4,1.1458064516129032,14,0,-9.82
SEA_VN_HANOI,Vietnam,Hanoi,2021-04-01,2021,4,148.265,144.73,151.8,3.1776666666666666,22,2,-7.070000000000022
SEA_VN_HANOI,Vietnam,Hanoi,2021-05-01,2021,5,152.955,182.71,123.2,4.92483870967742,20,1,59.510000000000005
SEA_VN_HANOI,Vietnam,Hanoi,2021-06-01,2021,6,206.085,198.37,213.8,4.7443333333333335,18,4,-15.430000000000007
SEA_VN_HANOI,Vietnam,Hanoi,2021-07-01,2021,7,273.125,305.15,241.1,6.6970967741935485,26,4,64.04999999999998
SEA_VN_HANOI,Vietnam,Hanoi,2021-08-01,2021,8,232.45,239.8,225.1,6.585161290322581,24,2,14.700000000000017
SEA_VN_HANOI,Vietnam,Hanoi,2021-09-01,2021,9,296.51,358.32,234.70000000000002,7.137333333333333,24,4,123.61999999999998
SEA_VN_HANOI,Vietnam,Hanoi,2021-10-01,2021,10,381.135,266.96999999999997,495.29999999999995,10.57516129032258,23,6,-228.32999999999998
SEA_VN_HANOI,Vietnam,Hanoi,2021-11-01,2021,11,42.19499999999999,33.39,51.0,1.631,9,0,-17.61
SEA_VN_HANOI,Vietnam,Hanoi,2021-12-01,2021,12,7.785,7.97,7.6,0.2648387096774194,2,0,0.3700000000000001
SEA_VN_HANOI,Vietnam,Hanoi,2022-01-01,2022,1,67.155,70.51,63.8,2.5841935483870966,15,0,6.710000000000008
SEA_VN_HANOI,Vietnam,Hanoi,2022-02-01,2022,2,156.445,183.59,129.3,7.106071428571428,16,4,54.28999999999999
SEA_VN_HANOI,Vietnam,Hanoi,2022-03-01,2022,3,100.105,91.81,108.4,3.8977419354838707,11,1,-16.590000000000003
SEA_VN_HANOI,Vietnam,Hanoi,2022-04-01,2022,4,58.535,75.97,41.1,1.9289999999999998,6,1,34.87
SEA_VN_HANOI,Vietnam,Hanoi,2022-05-01,2022,5,307.135,301.27,313.0,8.406774193548388,24,6,-11.730000000000018
SEA_VN_HANOI,Vietnam,Hanoi,2022-06-01,2022,6,204.71,185.72,223.70000000000002,6.239333333333334,22,1,-37.98000000000002
SEA_VN_HANOI,Vietnam,Hanoi,2022-07-01,2022,7,280.725,283.85,277.6,9.110645161290323,24,3,6.25
SEA_VN_HANOI,Vietnam,Hanoi,2022-08-01,2022,8,461.88,407.36,516.4,11.578064516129032,27,8,-109.03999999999996
SEA_VN_HANOI,Vietnam,Hanoi,2022-09-01,2022,9,347.045,303.29,390.8,9.262333333333334,23,6,-87.50999999999999
SEA_VN_HANOI,Vietnam,Hanoi,2022-10-01,2022,10,113.815,93.53,134.1,2.4396774193548385,13,2,-40.56999999999999
SEA_VN_HANOI,Vietnam,Hanoi,2022-11-01,2022,11,67.89,69.08,66.7,2.466,13,0,2.3799999999999955
SEA_VN_HANOI,Vietnam,Hanoi,2022-12-01,2022,12,11.205,11.21,11.2,0.3029032258064516,3,0,0.010000000000001563
SEA_VN_HANOI,Vietnam,Hanoi,2023-01-01,2023,1,14.4,17.7,11.1,0.52,3,0,6.6
SEA_VN_HANOI,Vietnam,Hanoi,2023-02-01,2023,2,51.67,45.24,58.1,1.0150000000000001,11,0,-12.86
SEA_VN_HANOI,Vietnam,Hanoi,2023-03-01,2023,3,42.46,28.42,56.5,2.1870967741935483,9,0,-28.08
SEA_VN_HANOI,Vietnam,Hanoi,2023-04-01,2023,4,61.75,58.6,64.9,1.5613333333333335,14,0,-6.300000000000004
SEA_VN_HANOI,Vietnam,Hanoi,2023-05-01,2023,5,130.73,108.36,153.1,4.966451612903225,12,2,-44.739999999999995
SEA_VN_HANOI,Vietnam,Hanoi,2023-06-01,2023,6,314.385,299.77,329.0,7.9623333333333335,23,6,-29.230000000000018
SEA_VN_HANOI,Vietnam,Hanoi,2023-07-01,2023,7,158.39,140.38,176.4,5.025806451612904,20,0,-36.02000000000001
SEA_VN_HANOI,Vietnam,Hanoi,2023-08-01,2023,8,372.095,342.49,401.7,8.404193548387095,26,7,-59.20999999999998
SEA_VN_HANOI,Vietnam,Hanoi,2023-09-01,2023,9,315.435,302.27000000000004,328.6,7.297666666666666,25,5,-26.329999999999984
SEA_VN_HANOI,Vietnam,Hanoi,2023-10-01,2023,10,107.41499999999999,147.53,67.3,5.851935483870967,7,1,80.23
SEA_VN_HANOI,Vietnam,Hanoi,2023-11-01,2023,11,33.95,23.5,44.4,1.3226666666666667,6,0,-20.9
SEA_VN_HANOI,Vietnam,Hanoi,2023-12-01,2023,12,15.815,16.33,15.3,0.6970967741935483,6,0,1.0299999999999976
SEA_VN_HANOI,Vietnam,Hanoi,2024-01-01,2024,1,80.025,56.75,103.3,1.9803225806451612,16,0,-46.55
SEA_VN_HANOI,Vietnam,Hanoi,2024-02-01,2024,2,22.27,13.14,31.4,0.7606896551724137,5,0,-18.259999999999998
SEA_VN_HANOI,Vietnam,Hanoi,2024-03-01,2024,3,66.865,45.53,88.2,1.6170967741935485,7,1,-42.67
SEA_VN_HANOI,Vietnam,Hanoi,2024-04-01,2024,4,38.36,40.02,36.7,1.32,10,0,3.3200000000000003
SEA_VN_HANOI,Vietnam,Hanoi,2024-05-01,2024,5,279.115,253.73,304.5,10.038387096774194,26,3,-50.77000000000001
SEA_VN_HANOI,Vietnam,Hanoi,2024-06-01,2024,6,396.13,317.26,475.0,11.958666666666666,26,7,-157.74
SEA_VN_HANOI,Vietnam,Hanoi,2024-07-01,2024,7,476.105,394.11,558.1,13.185483870967742,29,7,-163.99
SEA_VN_HANOI,Vietnam,Hanoi,2024-08-01,2024,8,328.685,325.96999999999997,331.4,9.588709677419354,29,4,-5.430000000000007
SEA_VN_HANOI,Vietnam,Hanoi,2024-09-01,2024,9,582.44,526.98,637.9,11.419333333333332,23,9,-110.91999999999996
SEA_VN_HANOI,Vietnam,Hanoi,2024-10-01,2024,10,60.089999999999996,46.980000000000004,73.2,2.1477419354838707,11,0,-26.22
SEA_VN_HANOI,Vietnam,Hanoi,2024-11-01,2024,11,10.165,7.53,12.799999999999999,0.627,3,0,-5.269999999999999
SEA_VN_HANOI,Vietnam,Hanoi,2024-12-01,2024,12,8.535,3.87,13.200000000000001,0.3764516129032258,3,0,-9.330000000000002
SEA_VN_HANOI,Vietnam,Hanoi,2025-01-01,2025,1,13.15,6.0,20.3,0.4838709677419355,2,0,-14.3
SEA_VN_HANOI,Vietnam,Hanoi,2025-02-01,2025,2,38.67,25.54,51.8,1.3585714285714285,15,0,-26.259999999999998
SEA_VN_HANOI,Vietnam,Hanoi,2025-03-01,2025,3,26.88,21.96,31.8,0.98,7,0,-9.84
SEA_VN_HANOI,Vietnam,Hanoi,2025-04-01,2025,4,115.545,60.99,170.10000000000002,4.7330000000000005,13,1,-109.11000000000001
SEA_VN_HANOI,Vietnam,Hanoi,2025-05-01,2025,5,213.175,195.65,230.7,6.366129032258065,20,3,-35.04999999999998
SEA_VN_HANOI,Vietnam,Hanoi,2025-06-01,2025,6,486.965,450.43,523.5,9.117666666666667,29,8,-73.07
SEA_VN_HANOI,Vietnam,Hanoi,2025-07-01,2025,7,329.32,341.24,317.4,6.953548387096775,25,7,23.840000000000032
SEA_VN_HANOI,Vietnam,Hanoi,2025-08-01,2025,8,401.15000000000003,428.9,373.4,7.876774193548387,25,6,55.5
SEA_VN_HANOI,Vietnam,Hanoi,2025-09-01,2025,9,314.815,288.13,341.5,6.946333333333333,21,3,-53.370000000000005
SEA_VN_HANOI,Vietnam,Hanoi,2025-10-01,2025,10,300.425,320.95,279.9,7.902258064516128,17,4,41.05000000000001
SEA_VN_HANOI,Vietnam,Hanoi,2025-11-01,2025,11,84.155,56.11,112.2,2.7783333333333333,11,1,-56.09
SEA_VN_HANOI,Vietnam,Hanoi,2025-12-01,2025,12,32.32,27.14,37.5,0.6948387096774193,5,0,-10.36
SEA_VN_HO_CHI_MINH,Vietnam,Ho Chi Minh City,2020-01-01,2020,1,1.56,0.32,2.8,0.08516129032258064,0,0,-2.48
SEA_VN_HO_CHI_MINH,Vietnam,Ho Chi Minh City,2020-02-01,2020,2,2.375,0.45,4.300000000000001,0.13758620689655174,1,0,-3.8500000000000005
SEA_VN_HO_CHI_MINH,Vietnam,Ho Chi Minh City,2020-03-01,2020,3,4.4,4.0,4.8,0.2432258064516129,1,0,-0.7999999999999998
SEA_VN_HO_CHI_MINH,Vietnam,Ho Chi Minh City,2020-04-01,2020,4,40.26,19.82,60.7,1.4686666666666668,10,0,-40.88
SEA_VN_HO_CHI_MINH,Vietnam,Ho Chi Minh City,2020-05-01,2020,5,127.555,94.71000000000001,160.4,4.379032258064516,16,0,-65.69
SEA_VN_HO_CHI_MINH,Vietnam,Ho Chi Minh City,2020-06-01,2020,6,488.08,600.86,375.3,18.152666666666665,30,8,225.56
SEA_VN_HO_CHI_MINH,Vietnam,Ho Chi Minh City,2020-07-01,2020,7,258.11,221.51999999999998,294.7,7.1980645161290315,30,2,-73.18
SEA_VN_HO_CHI_MINH,Vietnam,Ho Chi Minh City,2020-08-01,2020,8,268.06,253.42,282.7,6.138064516129032,31,3,-29.28
SEA_VN_HO_CHI_MINH,Vietnam,Ho Chi Minh City,2020-09-01,2020,9,299.025,234.95,363.1,7.722333333333334,30,3,-128.15000000000003
SEA_VN_HO_CHI_MINH,Vietnam,Ho Chi Minh City,2020-10-01,2020,10,425.61,439.52,411.7,7.33225806451613,31,8,27.819999999999993
SEA_VN_HO_CHI_MINH,Vietnam,Ho Chi Minh City,2020-11-01,2020,11,103.30000000000001,80.8,125.8,3.3080000000000003,17,0,-45.0
SEA_VN_HO_CHI_MINH,Vietnam,Ho Chi Minh City,2020-12-01,2020,12,63.855,49.11,78.6,3.014516129032258,13,0,-29.489999999999995
SEA_VN_HO_CHI_MINH,Vietnam,Ho Chi Minh City,2021-01-01,2021,1,14.944999999999999,7.089999999999999,22.8,0.7641935483870969,3,0,-15.71
SEA_VN_HO_CHI_MINH,Vietnam,Ho Chi Minh City,2021-02-01,2021,2,10.71,2.82,18.6,0.6678571428571428,3,0,-15.780000000000001
SEA_VN_HO_CHI_MINH,Vietnam,Ho Chi Minh City,2021-03-01,2021,3,6.03,0.8600000000000001,11.200000000000001,0.34580645161290324,2,0,-10.340000000000002
SEA_VN_HO_CHI_MINH,Vietnam,Ho Chi Minh City,2021-04-01,2021,4,178.01,135.22,220.8,6.526666666666667,22,1,-85.58000000000001
SEA_VN_HO_CHI_MINH,Vietnam,Ho Chi Minh City,2021-05-01,2021,5,265.225,257.65,272.8,7.601612903225806,26,3,-15.150000000000034
SEA_VN_HO_CHI_MINH,Vietnam,Ho Chi Minh City,2021-06-01,2021,6,191.995,209.29,174.7,5.827,26,1,34.59
SEA_VN_HO_CHI_MINH,Vietnam,Ho Chi Minh City,2021-07-01,2021,7,278.11,272.22,284.0,5.466451612903226,30,4,-11.779999999999973
SEA_VN_HO_CHI_MINH,Vietnam,Ho Chi Minh City,2021-08-01,2021,8,278.055,244.51,311.6,7.719677419354839,30,3,-67.09000000000003
SEA_VN_HO_CHI_MINH,Vietnam,Ho Chi Minh City,2021-09-01,2021,9,330.875,289.75,372.0,7.779,30,4,-82.25
SEA_VN_HO_CHI_MINH,Vietnam,Ho Chi Minh City,2021-10-01,2021,10,335.68,293.46,377.9,7.82258064516129,30,3,-84.44
SEA_VN_HO_CHI_MINH,Vietnam,Ho Chi Minh City,2021-11-01,2021,11,186.83,127.96000000000001,245.7,5.498666666666667,26,0,-117.73999999999998
SEA_VN_HO_CHI_MINH,Vietnam,Ho Chi Minh City,2021-12-01,2021,12,14.155000000000001,7.11,21.2,0.5861290322580646,4,0,-14.09
SEA_VN_HO_CHI_MINH,Vietnam,Ho Chi Minh City,2022-01-01,2022,1,5.705,0.81,10.6,0.3461290322580645,1,0,-9.79
SEA_VN_HO_CHI_MINH,Vietnam,Ho Chi Minh City,2022-02-01,2022,2,18.6,6.5,30.7,1.0785714285714285,4,0,-24.2
SEA_VN_HO_CHI_MINH,Vietnam,Ho Chi Minh City,2022-03-01,2022,3,98.825,109.55,88.1,3.0422580645161292,18,1,21.450000000000003
SEA_VN_HO_CHI_MINH,Vietnam,Ho Chi Minh City,2022-04-01,2022,4,161.125,104.15,218.1,4.915,20,2,-113.94999999999999
SEA_VN_HO_CHI_MINH,Vietnam,Ho Chi Minh City,2022-05-01,2022,5,320.96,273.62,368.3,9.693548387096774,30,4,-94.68
SEA_VN_HO_CHI_MINH,Vietnam,Ho Chi Minh City,2022-06-01,2022,6,269.085,212.87,325.3,7.511666666666667,28,1,-112.43
SEA_VN_HO_CHI_MINH,Vietnam,Ho Chi Minh City,2022-07-01,2022,7,323.17,323.14,323.2,7.065806451612903,29,4,-0.060000000000002274
SEA_VN_HO_CHI_MINH,Vietnam,Ho Chi Minh City,2022-08-01,2022,8,288.275,261.35,315.2,6.064838709677419,30,2,-53.849999999999966
SEA_VN_HO_CHI_MINH,Vietnam,Ho Chi Minh City,2022-09-01,2022,9,285.895,194.19,377.6,7.158333333333333,30,1,-183.41000000000003
SEA_VN_HO_CHI_MINH,Vietnam,Ho Chi Minh City,2022-10-01,2022,10,235.32999999999998,182.26,288.4,6.480645161290322,26,2,-106.13999999999999
SEA_VN_HO_CHI_MINH,Vietnam,Ho Chi Minh City,2022-11-01,2022,11,154.995,131.49,178.5,5.115666666666667,26,0,-47.00999999999999
SEA_VN_HO_CHI_MINH,Vietnam,Ho Chi Minh City,2022-12-01,2022,12,49.955,67.31,32.6,2.0416129032258064,11,0,34.71
SEA_VN_HO_CHI_MINH,Vietnam,Ho Chi Minh City,2023-01-01,2023,1,56.59,16.58,96.6,2.7929032258064517,10,0,-80.02
SEA_VN_HO_CHI_MINH,Vietnam,Ho Chi Minh City,2023-02-01,2023,2,6.425000000000001,0.85,12.0,0.41321428571428565,1,0,-11.15
SEA_VN_HO_CHI_MINH,Vietnam,Ho Chi Minh City,2023-03-01,2023,3,1.9700000000000002,0.04,3.9000000000000004,0.12451612903225807,1,0,-3.8600000000000003
SEA_VN_HO_CHI_MINH,Vietnam,Ho Chi Minh City,2023-04-01,2023,4,47.795,9.19,86.4,2.713,11,0,-77.21000000000001
SEA_VN_HO_CHI_MINH,Vietnam,Ho Chi Minh City,2023-05-01,2023,5,189.175,132.55,245.8,5.456451612903226,26,1,-113.25
SEA_VN_HO_CHI_MINH,Vietnam,Ho Chi Minh City,2023-06-01,2023,6,268.835,250.87,286.8,7.149666666666667,30,2,-35.93000000000001
SEA_VN_HO_CHI_MINH,Vietnam,Ho Chi Minh City,2023-07-01,2023,7,370.52,328.74,412.3,9.443870967741935,30,5,-83.56
SEA_VN_HO_CHI_MINH,Vietnam,Ho Chi Minh City,2023-08-01,2023,8,249.22,156.34,342.1,7.207096774193548,27,1,-185.76000000000002
SEA_VN_HO_CHI_MINH,Vietnam,Ho Chi Minh City,2023-09-01,2023,9,367.415,280.63,454.2,8.413666666666666,30,4,-173.57
SEA_VN_HO_CHI_MINH,Vietnam,Ho Chi Minh City,2023-10-01,2023,10,308.08,220.86,395.3,8.280645161290321,30,3,-174.44
SEA_VN_HO_CHI_MINH,Vietnam,Ho Chi Minh City,2023-11-01,2023,11,104.39999999999999,84.1,124.7,4.294666666666667,20,0,-40.60000000000001
SEA_VN_HO_CHI_MINH,Vietnam,Ho Chi Minh City,2023-12-01,2023,12,29.150000000000002,29.2,29.1,1.0367741935483872,5,0,0.09999999999999787
SEA_VN_HO_CHI_MINH,Vietnam,Ho Chi Minh City,2024-01-01,2024,1,1.085,0.47,1.7,0.06290322580645161,0,0,-1.23
SEA_VN_HO_CHI_MINH,Vietnam,Ho Chi Minh City,2024-02-01,2024,2,2.68,0.16,5.2,0.17448275862068968,0,0,-5.04
SEA_VN_HO_CHI_MINH,Vietnam,Ho Chi Minh City,2024-03-01,2024,3,2.45,0.1,4.8,0.15354838709677418,0,0,-4.7
SEA_VN_HO_CHI_MINH,Vietnam,Ho Chi Minh City,2024-04-01,2024,4,3.54,3.0799999999999996,4.0,0.22533333333333333,1,0,-0.9200000000000004
SEA_VN_HO_CHI_MINH,Vietnam,Ho Chi Minh City,2024-05-01,2024,5,228.13,209.56,246.7,8.461290322580645,26,1,-37.139999999999986
SEA_VN_HO_CHI_MINH,Vietnam,Ho Chi Minh City,2024-06-01,2024,6,225.73999999999998,209.68,241.8,6.470666666666667,27,2,-32.120000000000005
SEA_VN_HO_CHI_MINH,Vietnam,Ho Chi Minh City,2024-07-01,2024,7,356.85,327.8,385.90000000000003,6.787096774193548,31,1,-58.10000000000002
SEA_VN_HO_CHI_MINH,Vietnam,Ho Chi Minh City,2024-08-01,2024,8,242.1,199.4,284.8,7.638064516129032,28,1,-85.4
SEA_VN_HO_CHI_MINH,Vietnam,Ho Chi Minh City,2024-09-01,2024,9,321.005,226.31,415.7,7.649,30,3,-189.39
SEA_VN_HO_CHI_MINH,Vietnam,Ho Chi Minh City,2024-10-01,2024,10,288.18,234.16,342.2,5.0200000000000005,27,2,-108.03999999999999
SEA_VN_HO_CHI_MINH,Vietnam,Ho Chi Minh City,2024-11-01,2024,11,87.14,96.28,78.0,2.9226666666666667,15,0,18.28
SEA_VN_HO_CHI_MINH,Vietnam,Ho Chi Minh City,2024-12-01,2024,12,101.525,89.15,113.9,2.6009677419354835,13,0,-24.75
SEA_VN_HO_CHI_MINH,Vietnam,Ho Chi Minh City,2025-01-01,2025,1,9.290000000000001,1.08,17.5,0.5335483870967742,2,0,-16.42
SEA_VN_HO_CHI_MINH,Vietnam,Ho Chi Minh City,2025-02-01,2025,2,25.29,3.98,46.6,1.5485714285714285,8,0,-42.620000000000005
SEA_VN_HO_CHI_MINH,Vietnam,Ho Chi Minh City,2025-03-01,2025,3,22.39,16.98,27.8,0.7632258064516129,5,0,-10.82
SEA_VN_HO_CHI_MINH,Vietnam,Ho Chi Minh City,2025-04-01,2025,4,42.46,14.92,70.0,2.010666666666667,9,0,-55.08
SEA_VN_HO_CHI_MINH,Vietnam,Ho Chi Minh City,2025-05-01,2025,5,241.065,176.43,305.7,5.914516129032258,29,3,-129.26999999999998
SEA_VN_HO_CHI_MINH,Vietnam,Ho Chi Minh City,2025-06-01,2025,6,306.685,269.07,344.3,10.472333333333333,29,1,-75.23000000000002
SEA_VN_HO_CHI_MINH,Vietnam,Ho Chi Minh City,2025-07-01,2025,7,246.995,162.79,331.2,8.516451612903225,31,0,-168.41
SEA_VN_HO_CHI_MINH,Vietnam,Ho Chi Minh City,2025-08-01,2025,8,297.95,152.3,443.6,10.150967741935483,29,4,-291.3
SEA_VN_HO_CHI_MINH,Vietnam,Ho Chi Minh City,2025-09-01,2025,9,332.02,216.04000000000002,448.0,8.571333333333333,30,3,-231.95999999999998
SEA_VN_HO_CHI_MINH,Vietnam,Ho Chi Minh City,2025-10-01,2025,10,369.725,455.45,284.0,13.350645161290323,30,3,171.45
SEA_VN_HO_CHI_MINH,Vietnam,Ho Chi Minh City,2025-11-01,2025,11,186.45499999999998,159.21,213.7,5.738333333333333,20,1,-54.48999999999998
SEA_VN_HO_CHI_MINH,Vietnam,Ho Chi Minh City,2025-12-01,2025,12,86.635,50.47,122.8,3.0048387096774194,9,1,-72.33
