entity_id,country,location_name,month,avg_monthly_precip_mm,avg_monthly_nasa_precip_mm,avg_monthly_open_meteo_precip_mm,avg_daily_source_abs_diff_mm,avg_monthly_source_bias_mm,avg_rainy_days,avg_heavy_rain_days,month_name
SEA_BN_BANDAR_SERI_BEGAWAN,Brunei,Bandar Seri Begawan,1,346.73,344.07666666666665,349.3833333333334,7.545806451612904,-5.306666666666658,28.166666666666668,5.0,Jan
SEA_BN_BANDAR_SERI_BEGAWAN,Brunei,Bandar Seri Begawan,2,204.90499999999997,198.92666666666665,210.88333333333335,5.77160303776683,-11.95666666666667,23.166666666666668,2.0,Feb
SEA_BN_BANDAR_SERI_BEGAWAN,Brunei,Bandar Seri Begawan,3,253.14333333333335,236.18666666666664,270.09999999999997,7.240967741935484,-33.913333333333334,26.333333333333332,2.5,Mar
SEA_BN_BANDAR_SERI_BEGAWAN,Brunei,Bandar Seri Begawan,4,234.80833333333337,205.96666666666667,263.65000000000003,5.993333333333333,-57.683333333333344,26.166666666666668,2.3333333333333335,Apr
SEA_BN_BANDAR_SERI_BEGAWAN,Brunei,Bandar Seri Begawan,5,318.9433333333333,291.2866666666667,346.59999999999997,7.803978494623657,-55.313333333333325,26.0,4.5,May
SEA_BN_BANDAR_SERI_BEGAWAN,Brunei,Bandar Seri Begawan,6,263.1875,260.80833333333334,265.56666666666666,7.162944444444444,-4.7583333333333355,25.5,2.1666666666666665,Jun
SEA_BN_BANDAR_SERI_BEGAWAN,Brunei,Bandar Seri Begawan,7,308.58666666666664,344.6066666666666,272.56666666666666,8.713870967741935,72.04000000000002,25.5,4.166666666666667,Jul
SEA_BN_BANDAR_SERI_BEGAWAN,Brunei,Bandar Seri Begawan,8,360.67,352.20666666666665,369.1333333333334,9.439032258064517,-16.92666666666666,27.833333333333332,5.166666666666667,Aug
SEA_BN_BANDAR_SERI_BEGAWAN,Brunei,Bandar Seri Begawan,9,342.4841666666667,362.41833333333335,322.55,7.985500000000001,39.868333333333325,25.333333333333332,6.166666666666667,Sep
SEA_BN_BANDAR_SERI_BEGAWAN,Brunei,Bandar Seri Begawan,10,368.2175,373.2516666666667,363.18333333333334,9.991129032258065,10.068333333333351,28.833333333333332,4.666666666666667,Oct
SEA_BN_BANDAR_SERI_BEGAWAN,Brunei,Bandar Seri Begawan,11,341.67333333333335,337.59666666666664,345.75,8.251333333333333,-8.153333333333336,28.833333333333332,4.333333333333333,Nov
SEA_BN_BANDAR_SERI_BEGAWAN,Brunei,Bandar Seri Begawan,12,354.4725,358.1616666666667,350.7833333333333,7.946505376344086,7.37833333333334,30.5,5.166666666666667,Dec
SEA_ID_JAKARTA,Indonesia,Jakarta,1,342.3358333333333,339.705,344.9666666666667,8.31241935483871,-5.261666666666646,30.0,4.833333333333333,Jan
SEA_ID_JAKARTA,Indonesia,Jakarta,2,368.02416666666664,428.9483333333333,307.09999999999997,9.193372331691299,121.84833333333334,28.333333333333332,5.333333333333333,Feb
SEA_ID_JAKARTA,Indonesia,Jakarta,3,289.0683333333333,290.92,287.21666666666664,7.053440860215054,3.703333333333333,30.5,2.6666666666666665,Mar
SEA_ID_JAKARTA,Indonesia,Jakarta,4,212.2275,205.33833333333334,219.11666666666667,5.861722222222222,-13.778333333333336,28.333333333333332,1.0,Apr
SEA_ID_JAKARTA,Indonesia,Jakarta,5,177.75166666666667,160.00333333333333,195.5,5.290430107526881,-35.496666666666655,26.833333333333332,1.0,May
SEA_ID_JAKARTA,Indonesia,Jakarta,6,147.2075,134.115,160.3,4.4215,-26.185000000000002,26.0,0.6666666666666666,Jun
SEA_ID_JAKARTA,Indonesia,Jakarta,7,102.15083333333332,107.96833333333332,96.33333333333333,3.113279569892473,11.635,16.333333333333332,1.0,Jul
SEA_ID_JAKARTA,Indonesia,Jakarta,8,83.49333333333333,72.08666666666666,94.89999999999999,2.159462365591398,-22.813333333333333,14.5,0.3333333333333333,Aug
SEA_ID_JAKARTA,Indonesia,Jakarta,9,117.06916666666666,108.78833333333334,125.35000000000001,3.058611111111111,-16.56166666666667,18.833333333333332,0.3333333333333333,Sep
SEA_ID_JAKARTA,Indonesia,Jakarta,10,173.70666666666668,161.78,185.63333333333333,4.366666666666667,-23.853333333333335,24.833333333333332,0.8333333333333334,Oct
SEA_ID_JAKARTA,Indonesia,Jakarta,11,232.4333333333333,224.13333333333333,240.73333333333332,6.615444444444445,-16.599999999999984,29.0,1.1666666666666667,Nov
SEA_ID_JAKARTA,Indonesia,Jakarta,12,261.375,255.9333333333333,266.81666666666666,5.919569892473118,-10.88333333333334,29.5,0.8333333333333334,Dec
SEA_KH_PHNOM_PENH,Cambodia,Phnom Penh,1,14.0775,12.738333333333332,15.416666666666666,0.4905913978494623,-2.6783333333333332,3.1666666666666665,0.0,Jan
SEA_KH_PHNOM_PENH,Cambodia,Phnom Penh,2,20.331666666666667,16.046666666666667,24.616666666666664,0.9168390804597703,-8.57,4.0,0.0,Feb
SEA_KH_PHNOM_PENH,Cambodia,Phnom Penh,3,39.721666666666664,38.51,40.93333333333334,1.2502150537634409,-2.4233333333333347,6.5,0.16666666666666666,Mar
SEA_KH_PHNOM_PENH,Cambodia,Phnom Penh,4,88.95166666666667,74.38666666666667,103.51666666666667,3.6020000000000003,-29.129999999999995,15.5,0.16666666666666666,Apr
SEA_KH_PHNOM_PENH,Cambodia,Phnom Penh,5,176.4416666666667,140.5,212.38333333333333,5.998387096774194,-71.88333333333333,25.5,1.0,May
SEA_KH_PHNOM_PENH,Cambodia,Phnom Penh,6,220.15833333333333,253.86666666666667,186.45000000000002,9.118222222222222,67.41666666666667,25.333333333333332,2.0,Jun
SEA_KH_PHNOM_PENH,Cambodia,Phnom Penh,7,230.5375,231.725,229.35,7.318763440860216,2.374999999999995,27.333333333333332,2.1666666666666665,Jul
SEA_KH_PHNOM_PENH,Cambodia,Phnom Penh,8,234.9941666666667,218.28833333333333,251.70000000000002,7.281881720430107,-33.41166666666667,26.333333333333332,2.5,Aug
SEA_KH_PHNOM_PENH,Cambodia,Phnom Penh,9,301.9458333333333,254.99166666666667,348.90000000000003,8.308055555555557,-93.90833333333335,28.833333333333332,3.1666666666666665,Sep
SEA_KH_PHNOM_PENH,Cambodia,Phnom Penh,10,314.9316666666667,266.0133333333333,363.84999999999997,8.977956989247312,-97.83666666666666,27.833333333333332,3.1666666666666665,Oct
SEA_KH_PHNOM_PENH,Cambodia,Phnom Penh,11,155.82083333333333,119.325,192.3166666666667,5.424388888888888,-72.99166666666666,18.833333333333332,1.6666666666666667,Nov
SEA_KH_PHNOM_PENH,Cambodia,Phnom Penh,12,35.862500000000004,32.291666666666664,39.43333333333333,1.358225806451613,-7.141666666666667,6.833333333333333,0.0,Dec
SEA_LA_VIENTIANE,Laos,Vientiane,1,6.913333333333333,5.16,8.666666666666666,0.2939784946236559,-3.506666666666666,1.3333333333333333,0.0,Jan
SEA_LA_VIENTIANE,Laos,Vientiane,2,23.0525,26.788333333333338,19.316666666666666,0.45619252873563215,7.471666666666668,2.6666666666666665,0.3333333333333333,Feb
SEA_LA_VIENTIANE,Laos,Vientiane,3,55.49583333333333,57.925000000000004,53.06666666666666,1.605967741935484,4.858333333333332,9.666666666666666,0.0,Mar
SEA_LA_VIENTIANE,Laos,Vientiane,4,73.98833333333333,75.57666666666667,72.39999999999999,2.611222222222222,3.176666666666667,11.166666666666666,0.8333333333333334,Apr
SEA_LA_VIENTIANE,Laos,Vientiane,5,199.56083333333333,172.6883333333333,226.4333333333333,5.920698924731183,-53.745000000000005,24.0,1.8333333333333333,May
SEA_LA_VIENTIANE,Laos,Vientiane,6,259.8966666666667,187.04333333333332,332.75,7.301888888888889,-145.70666666666668,27.0,2.6666666666666665,Jun
SEA_LA_VIENTIANE,Laos,Vientiane,7,305.28833333333336,227.80999999999997,382.76666666666665,7.671397849462365,-154.95666666666668,27.833333333333332,3.1666666666666665,Jul
SEA_LA_VIENTIANE,Laos,Vientiane,8,335.67333333333335,260.83,410.51666666666665,6.966451612903225,-149.68666666666667,27.666666666666668,4.0,Aug
SEA_LA_VIENTIANE,Laos,Vientiane,9,370.4116666666667,287.5566666666667,453.26666666666665,8.389000000000001,-165.71,28.166666666666668,5.333333333333333,Sep
SEA_LA_VIENTIANE,Laos,Vientiane,10,138.42,110.07333333333334,166.76666666666668,4.051827956989247,-56.693333333333335,16.166666666666668,1.1666666666666667,Oct
SEA_LA_VIENTIANE,Laos,Vientiane,11,22.629166666666674,13.208333333333334,32.050000000000004,1.0429444444444445,-18.841666666666665,4.166666666666667,0.0,Nov
SEA_LA_VIENTIANE,Laos,Vientiane,12,2.9875000000000003,2.7249999999999996,3.25,0.05102150537634409,-0.5250000000000001,0.3333333333333333,0.0,Dec
SEA_MM_YANGON,Myanmar,Yangon,1,7.265,5.996666666666667,8.533333333333333,0.24580645161290324,-2.5366666666666657,1.8333333333333333,0.0,Jan
SEA_MM_YANGON,Myanmar,Yangon,2,10.565833333333332,13.648333333333333,7.483333333333334,0.33798645320197035,6.164999999999999,2.0,0.0,Feb
SEA_MM_YANGON,Myanmar,Yangon,3,9.35,7.033333333333334,11.666666666666666,0.43774193548387097,-4.633333333333333,1.0,0.0,Mar
SEA_MM_YANGON,Myanmar,Yangon,4,74.69166666666666,95.10000000000001,54.28333333333333,2.1216666666666666,40.81666666666667,8.833333333333334,0.6666666666666666,Apr
SEA_MM_YANGON,Myanmar,Yangon,5,247.63666666666666,252.29,242.98333333333335,7.575161290322581,9.306666666666667,21.333333333333332,2.8333333333333335,May
SEA_MM_YANGON,Myanmar,Yangon,6,362.1758333333333,277.11833333333334,447.23333333333335,9.172611111111111,-170.11499999999998,29.5,3.5,Jun
SEA_MM_YANGON,Myanmar,Yangon,7,476.4925,430.18499999999995,522.8000000000001,13.660161290322582,-92.61500000000002,30.666666666666668,7.5,Jul
SEA_MM_YANGON,Myanmar,Yangon,8,442.7666666666667,371.1166666666666,514.4166666666666,12.926559139784947,-143.29999999999998,30.666666666666668,6.5,Aug
SEA_MM_YANGON,Myanmar,Yangon,9,463.01500000000004,402.58,523.4499999999999,12.797666666666666,-120.87,29.666666666666668,7.166666666666667,Sep
SEA_MM_YANGON,Myanmar,Yangon,10,242.19583333333333,167.39166666666668,317.0,7.812849462365591,-149.60833333333332,25.333333333333332,3.3333333333333335,Oct
SEA_MM_YANGON,Myanmar,Yangon,11,78.86833333333334,59.669999999999995,98.06666666666666,2.749,-38.39666666666667,10.333333333333334,0.8333333333333334,Nov
SEA_MM_YANGON,Myanmar,Yangon,12,6.145,3.8066666666666666,8.483333333333333,0.30193548387096775,-4.676666666666667,0.8333333333333334,0.0,Dec
SEA_MY_KUALA_LUMPUR,Malaysia,Kuala Lumpur,1,236.1833333333333,237.79999999999998,234.5666666666667,5.845698924731184,3.233333333333332,24.166666666666668,3.6666666666666665,Jan
SEA_MY_KUALA_LUMPUR,Malaysia,Kuala Lumpur,2,154.04583333333332,157.225,150.86666666666667,5.369096880131363,6.35833333333333,20.333333333333332,1.3333333333333333,Feb
SEA_MY_KUALA_LUMPUR,Malaysia,Kuala Lumpur,3,234.6241666666667,241.68166666666664,227.56666666666663,6.943279569892472,14.115000000000002,26.333333333333332,2.8333333333333335,Mar
SEA_MY_KUALA_LUMPUR,Malaysia,Kuala Lumpur,4,269.2633333333333,240.1933333333333,298.3333333333333,6.953,-58.13999999999999,28.0,1.5,Apr
SEA_MY_KUALA_LUMPUR,Malaysia,Kuala Lumpur,5,234.71166666666667,209.89000000000001,259.53333333333336,7.09989247311828,-49.643333333333345,27.5,2.3333333333333335,May
SEA_MY_KUALA_LUMPUR,Malaysia,Kuala Lumpur,6,198.98333333333335,199.53333333333333,198.4333333333333,6.322666666666667,1.100000000000006,25.5,1.3333333333333333,Jun
SEA_MY_KUALA_LUMPUR,Malaysia,Kuala Lumpur,7,171.89,174.98,168.79999999999998,4.761720430107527,6.179999999999996,22.5,1.6666666666666667,Jul
SEA_MY_KUALA_LUMPUR,Malaysia,Kuala Lumpur,8,232.795,203.19000000000003,262.4,6.3076344086021505,-59.21,28.333333333333332,2.0,Aug
SEA_MY_KUALA_LUMPUR,Malaysia,Kuala Lumpur,9,239.375,220.51666666666665,258.23333333333335,6.902666666666666,-37.71666666666667,26.666666666666668,1.8333333333333333,Sep
SEA_MY_KUALA_LUMPUR,Malaysia,Kuala Lumpur,10,232.36083333333332,236.48833333333334,228.23333333333335,6.924462365591398,8.25499999999999,26.5,2.1666666666666665,Oct
SEA_MY_KUALA_LUMPUR,Malaysia,Kuala Lumpur,11,372.08666666666664,382.34,361.8333333333333,8.351777777777778,20.50666666666667,29.0,4.833333333333333,Nov
SEA_MY_KUALA_LUMPUR,Malaysia,Kuala Lumpur,12,381.815,393.73,369.90000000000003,10.493655913978495,23.830000000000016,28.5,6.166666666666667,Dec
SEA_PH_MANILA,Philippines,Manila,1,134.85083333333333,205.26833333333335,64.43333333333334,4.849086021505377,140.835,21.5,1.0,Jan
SEA_PH_MANILA,Philippines,Manila,2,144.49083333333334,235.6816666666667,53.300000000000004,7.10567118226601,182.38166666666666,17.166666666666668,1.3333333333333333,Feb
SEA_PH_MANILA,Philippines,Manila,3,105.95833333333333,176.98333333333335,34.93333333333333,5.080430107526882,142.04999999999998,15.166666666666666,1.0,Mar
SEA_PH_MANILA,Philippines,Manila,4,114.80083333333333,176.61833333333334,52.98333333333333,5.270499999999999,123.63499999999999,16.0,1.1666666666666667,Apr
SEA_PH_MANILA,Philippines,Manila,5,175.6775,187.77166666666668,163.58333333333334,3.819731182795699,24.188333333333322,25.5,0.6666666666666666,May
SEA_PH_MANILA,Philippines,Manila,6,292.68916666666667,305.695,279.68333333333334,8.060833333333333,26.011666666666653,27.666666666666668,2.8333333333333335,Jun
SEA_PH_MANILA,Philippines,Manila,7,423.85833333333335,418.0,429.7166666666667,7.833763440860214,-11.71666666666666,30.166666666666668,4.666666666666667,Jul
SEA_PH_MANILA,Philippines,Manila,8,267.90749999999997,249.04833333333332,286.76666666666665,5.300806451612903,-37.71833333333334,29.0,1.5,Aug
SEA_PH_MANILA,Philippines,Manila,9,350.0216666666667,353.6933333333333,346.34999999999997,5.945555555555555,7.343333333333338,29.0,4.833333333333333,Sep
SEA_PH_MANILA,Philippines,Manila,10,404.4483333333333,515.8966666666666,293.0,10.636559139784946,222.89666666666665,30.0,4.833333333333333,Oct
SEA_PH_MANILA,Philippines,Manila,11,293.1125,429.2083333333333,157.01666666666668,11.248722222222222,272.1916666666666,26.666666666666668,3.5,Nov
SEA_PH_MANILA,Philippines,Manila,12,283.19666666666666,434.1766666666667,132.21666666666667,10.436559139784945,301.96,28.0,3.0,Dec
SEA_SG_SINGAPORE,Singapore,Singapore,1,393.4316666666667,472.21333333333337,314.65,8.434086021505376,157.56333333333336,26.333333333333332,6.0,Jan
SEA_SG_SINGAPORE,Singapore,Singapore,2,229.45333333333335,322.59,136.3166666666667,8.785964696223317,186.2733333333333,22.166666666666668,2.5,Feb
SEA_SG_SINGAPORE,Singapore,Singapore,3,361.87083333333334,478.575,245.16666666666666,13.014139784946238,233.40833333333333,28.0,4.666666666666667,Mar
SEA_SG_SINGAPORE,Singapore,Singapore,4,291.08583333333337,277.72166666666664,304.45,6.9879444444444445,-26.72833333333334,28.333333333333332,2.8333333333333335,Apr
SEA_SG_SINGAPORE,Singapore,Singapore,5,357.2525,399.8383333333333,314.6666666666667,10.49252688172043,85.17166666666664,29.833333333333332,4.5,May
SEA_SG_SINGAPORE,Singapore,Singapore,6,347.21583333333336,350.9983333333333,343.43333333333334,10.721055555555557,7.564999999999998,28.666666666666668,3.8333333333333335,Jun
SEA_SG_SINGAPORE,Singapore,Singapore,7,307.32666666666665,377.8033333333333,236.85000000000002,10.119139784946237,140.95333333333335,26.5,4.666666666666667,Jul
SEA_SG_SINGAPORE,Singapore,Singapore,8,330.2383333333333,366.4766666666667,294.0,9.73010752688172,72.47666666666666,28.666666666666668,3.6666666666666665,Aug
SEA_SG_SINGAPORE,Singapore,Singapore,9,318.51666666666665,376.31666666666666,260.71666666666664,9.717444444444444,115.60000000000001,29.0,3.5,Sep
SEA_SG_SINGAPORE,Singapore,Singapore,10,360.2083333333333,433.48333333333335,286.93333333333334,11.93290322580645,146.55,29.333333333333332,3.8333333333333335,Oct
SEA_SG_SINGAPORE,Singapore,Singapore,11,387.38916666666665,404.3616666666667,370.4166666666667,9.843055555555557,33.94499999999999,28.833333333333332,5.166666666666667,Nov
SEA_SG_SINGAPORE,Singapore,Singapore,12,451.2908333333333,586.3983333333334,316.18333333333334,15.402634408602148,270.215,30.0,6.5,Dec
SEA_TH_BANGKOK,Thailand,Bangkok,1,8.3375,4.691666666666666,11.983333333333333,0.40596774193548385,-7.291666666666667,1.6666666666666667,0.0,Jan
SEA_TH_BANGKOK,Thailand,Bangkok,2,35.248333333333335,23.88,46.61666666666667,1.382875615763547,-22.736666666666665,6.833333333333333,0.16666666666666666,Feb
SEA_TH_BANGKOK,Thailand,Bangkok,3,42.17583333333333,32.80166666666667,51.550000000000004,1.1656451612903227,-18.748333333333335,7.333333333333333,0.0,Mar
SEA_TH_BANGKOK,Thailand,Bangkok,4,82.11333333333333,75.89333333333333,88.33333333333333,2.6999999999999997,-12.44,13.833333333333334,0.3333333333333333,Apr
SEA_TH_BANGKOK,Thailand,Bangkok,5,178.08500000000004,185.03666666666666,171.13333333333333,3.7791397849462367,13.903333333333338,23.333333333333332,1.5,May
SEA_TH_BANGKOK,Thailand,Bangkok,6,153.405,144.47666666666666,162.33333333333334,4.572,-17.856666666666666,26.333333333333332,0.5,Jun
SEA_TH_BANGKOK,Thailand,Bangkok,7,226.68916666666667,218.76166666666666,234.61666666666667,5.262956989247312,-15.855000000000004,29.5,1.3333333333333333,Jul
SEA_TH_BANGKOK,Thailand,Bangkok,8,214.12583333333336,214.65166666666667,213.6,4.730053763440861,1.0516666666666576,27.833333333333332,1.1666666666666667,Aug
SEA_TH_BANGKOK,Thailand,Bangkok,9,330.87666666666667,339.75333333333333,322.0,6.3645555555555555,17.75333333333333,29.5,4.166666666666667,Sep
SEA_TH_BANGKOK,Thailand,Bangkok,10,254.23166666666665,234.6966666666667,273.76666666666665,5.759354838709677,-39.07000000000001,24.0,3.1666666666666665,Oct
SEA_TH_BANGKOK,Thailand,Bangkok,11,78.99833333333333,60.03,97.96666666666665,2.4499999999999997,-37.93666666666667,12.166666666666666,0.5,Nov
SEA_TH_BANGKOK,Thailand,Bangkok,12,9.2175,4.0683333333333325,14.366666666666667,0.402741935483871,-10.298333333333334,2.3333333333333335,0.0,Dec
SEA_TL_DILI,Timor-Leste,Dili,1,255.83083333333335,233.495,278.1666666666667,8.020591397849463,-44.67166666666668,26.666666666666668,2.6666666666666665,Jan
SEA_TL_DILI,Timor-Leste,Dili,2,281.7,274.8333333333333,288.56666666666666,10.303926518883417,-13.73333333333332,26.166666666666668,3.1666666666666665,Feb
SEA_TL_DILI,Timor-Leste,Dili,3,240.57583333333332,152.66833333333332,328.48333333333335,8.63521505376344,-175.81500000000003,28.0,2.0,Mar
SEA_TL_DILI,Timor-Leste,Dili,4,189.3133333333333,122.16000000000001,256.4666666666667,7.116111111111111,-134.30666666666667,19.166666666666668,1.6666666666666667,Apr
SEA_TL_DILI,Timor-Leste,Dili,5,73.39999999999999,39.68333333333333,107.11666666666667,3.3568817204301076,-67.43333333333334,14.333333333333334,0.5,May
SEA_TL_DILI,Timor-Leste,Dili,6,54.66083333333333,26.888333333333332,82.43333333333334,2.476944444444444,-55.54500000000001,11.0,0.3333333333333333,Jun
SEA_TL_DILI,Timor-Leste,Dili,7,29.595,11.823333333333332,47.36666666666667,1.3570967741935485,-35.54333333333333,5.0,0.3333333333333333,Jul
SEA_TL_DILI,Timor-Leste,Dili,8,10.150833333333333,2.085,18.216666666666665,0.5704838709677419,-16.131666666666668,3.3333333333333335,0.0,Aug
SEA_TL_DILI,Timor-Leste,Dili,9,21.033333333333335,6.25,35.81666666666666,1.252111111111111,-29.566666666666663,4.333333333333333,0.0,Sep
SEA_TL_DILI,Timor-Leste,Dili,10,77.59333333333333,30.186666666666667,125.0,3.6451612903225805,-94.81333333333333,14.666666666666666,0.3333333333333333,Oct
SEA_TL_DILI,Timor-Leste,Dili,11,153.02916666666667,91.00833333333333,215.04999999999998,6.947277777777778,-124.04166666666667,21.833333333333332,0.6666666666666666,Nov
SEA_TL_DILI,Timor-Leste,Dili,12,270.96000000000004,223.35333333333332,318.56666666666666,9.031397849462365,-95.21333333333332,28.333333333333332,3.3333333333333335,Dec
SEA_VN_HANOI,Vietnam,Hanoi,1,44.09583333333333,36.458333333333336,51.73333333333333,1.4422043010752688,-15.274999999999999,9.166666666666666,0.3333333333333333,Jan
SEA_VN_HANOI,Vietnam,Hanoi,2,63.919999999999995,58.50666666666667,69.33333333333333,2.311309523809524,-10.826666666666666,11.5,1.0,Feb
SEA_VN_HANOI,Vietnam,Hanoi,3,69.97166666666666,55.96,83.98333333333333,2.2091397849462364,-28.023333333333337,11.333333333333334,0.6666666666666666,Mar
SEA_VN_HANOI,Vietnam,Hanoi,4,94.665,87.24666666666667,102.08333333333333,2.862888888888889,-14.836666666666678,13.833333333333334,0.8333333333333334,Apr
SEA_VN_HANOI,Vietnam,Hanoi,5,202.8925,196.0683333333333,209.71666666666667,6.354247311827957,-13.648333333333335,19.833333333333332,2.6666666666666665,May
SEA_VN_HANOI,Vietnam,Hanoi,6,287.82916666666665,260.375,315.28333333333336,7.443944444444444,-54.90833333333334,22.666666666666668,4.5,Jun
SEA_VN_HANOI,Vietnam,Hanoi,7,277.5808333333334,265.845,289.31666666666666,7.534247311827958,-23.471666666666668,24.166666666666668,3.5,Jul
SEA_VN_HANOI,Vietnam,Hanoi,8,370.9466666666667,359.1433333333334,382.75,8.791182795698925,-23.60666666666666,26.666666666666668,6.0,Aug
SEA_VN_HANOI,Vietnam,Hanoi,9,382.5641666666667,340.52833333333336,424.59999999999997,9.587055555555557,-84.07166666666666,24.0,5.5,Sep
SEA_VN_HANOI,Vietnam,Hanoi,10,214.33249999999998,209.23166666666665,219.4333333333333,6.068440860215053,-10.20166666666666,14.666666666666666,2.8333333333333335,Oct
SEA_VN_HANOI,Vietnam,Hanoi,11,49.36416666666667,37.461666666666666,61.26666666666667,1.7830555555555556,-23.804999999999996,8.333333333333334,0.3333333333333333,Nov
SEA_VN_HANOI,Vietnam,Hanoi,12,14.839166666666666,11.778333333333334,17.900000000000002,0.49876344086021507,-6.121666666666667,4.0,0.0,Dec
SEA_VN_HO_CHI_MINH,Vietnam,Ho Chi Minh City,1,14.862500000000002,4.391666666666667,25.333333333333332,0.7641397849462366,-20.941666666666666,2.6666666666666665,0.0,Jan
SEA_VN_HO_CHI_MINH,Vietnam,Ho Chi Minh City,2,11.013333333333334,2.46,19.566666666666666,0.6700472085385879,-17.10666666666667,2.8333333333333335,0.0,Feb
SEA_VN_HO_CHI_MINH,Vietnam,Ho Chi Minh City,3,22.6775,21.921666666666667,23.433333333333334,0.7787634408602151,-1.5116666666666665,4.5,0.16666666666666666,Mar
SEA_VN_HO_CHI_MINH,Vietnam,Ho Chi Minh City,4,78.865,47.73,110.0,2.976555555555556,-62.27,12.166666666666666,0.5,Apr
SEA_VN_HO_CHI_MINH,Vietnam,Ho Chi Minh City,5,228.68500000000003,190.75333333333333,266.6166666666667,6.917741935483871,-75.86333333333333,25.5,2.0,May
SEA_VN_HO_CHI_MINH,Vietnam,Ho Chi Minh City,6,291.7366666666667,292.1066666666666,291.3666666666667,9.264000000000001,0.7399999999999949,28.333333333333332,2.5,Jun
SEA_VN_HO_CHI_MINH,Vietnam,Ho Chi Minh City,7,305.62583333333333,272.70166666666665,338.55,7.412956989247312,-65.84833333333334,30.166666666666668,2.6666666666666665,Jul
SEA_VN_HO_CHI_MINH,Vietnam,Ho Chi Minh City,8,270.60999999999996,211.22,330.0,7.486451612903227,-118.78000000000002,29.166666666666668,2.3333333333333335,Aug
SEA_VN_HO_CHI_MINH,Vietnam,Ho Chi Minh City,9,322.7058333333333,240.31166666666664,405.09999999999997,7.8822777777777775,-164.78833333333333,30.0,3.0,Sep
SEA_VN_HO_CHI_MINH,Vietnam,Ho Chi Minh City,10,327.10083333333336,304.285,349.9166666666667,8.04779569892473,-45.63166666666666,29.0,3.5,Oct
SEA_VN_HO_CHI_MINH,Vietnam,Ho Chi Minh City,11,137.18666666666667,113.30666666666667,161.06666666666666,4.479666666666667,-47.75999999999999,20.666666666666668,0.16666666666666666,Nov
SEA_VN_HO_CHI_MINH,Vietnam,Ho Chi Minh City,12,57.54583333333333,48.725,66.36666666666666,2.04747311827957,-17.641666666666666,9.166666666666666,0.16666666666666666,Dec
