entity_id,country,location_name,year,annual_rainfall_mm,wet_days,heavy_rain_days,mean_source_abs_diff_mm
SEA_BN_BANDAR_SERI_BEGAWAN,Brunei,Bandar Seri Begawan,2020,3889.3849999999998,320,50,8.670737704918032
SEA_BN_BANDAR_SERI_BEGAWAN,Brunei,Bandar Seri Begawan,2021,3819.15,319,55,7.853753424657534
SEA_BN_BANDAR_SERI_BEGAWAN,Brunei,Bandar Seri Begawan,2022,3900.29,336,55,8.194794520547944
SEA_BN_BANDAR_SERI_BEGAWAN,Brunei,Bandar Seri Begawan,2023,3273.09,336,35,6.962575342465754
SEA_BN_BANDAR_SERI_BEGAWAN,Brunei,Bandar Seri Begawan,2024,3644.395,321,40,8.397295081967213
SEA_BN_BANDAR_SERI_BEGAWAN,Brunei,Bandar Seri Begawan,2025,3660.62,301,54,6.96454794520548
SEA_ID_JAKARTA,Indonesia,Jakarta,2020,2695.265,315,27,5.466912568306011
SEA_ID_JAKARTA,Indonesia,Jakarta,2021,2757.395,311,27,5.529616438356165
SEA_ID_JAKARTA,Indonesia,Jakarta,2022,2477.685,335,10,5.513232876712329
SEA_ID_JAKARTA,Indonesia,Jakarta,2023,1769.955,257,9,3.7636438356164383
SEA_ID_JAKARTA,Indonesia,Jakarta,2024,2449.27,274,17,5.501311475409836
SEA_ID_JAKARTA,Indonesia,Jakarta,2025,2891.4900000000002,326,30,6.776438356164384
SEA_KH_PHNOM_PENH,Cambodia,Phnom Penh,2020,1971.925,212,21,6.414945355191256
SEA_KH_PHNOM_PENH,Cambodia,Phnom Penh,2021,1907.145,226,19,4.89131506849315
SEA_KH_PHNOM_PENH,Cambodia,Phnom Penh,2022,2181.9,238,17,5.983287671232877
SEA_KH_PHNOM_PENH,Cambodia,Phnom Penh,2023,1820.695,213,13,4.6781643835616435
SEA_KH_PHNOM_PENH,Cambodia,Phnom Penh,2024,1609.48,194,16,3.7798907103825137
SEA_KH_PHNOM_PENH,Cambodia,Phnom Penh,2025,1511.505,213,10,4.3437534246575344
SEA_LA_VIENTIANE,Laos,Vientiane,2020,1761.155,190,18,3.38724043715847
SEA_LA_VIENTIANE,Laos,Vientiane,2021,1719.55,176,20,3.227178082191781
SEA_LA_VIENTIANE,Laos,Vientiane,2022,2054.79,199,22,4.024767123287671
SEA_LA_VIENTIANE,Laos,Vientiane,2023,1601.71,161,18,4.1688767123287676
SEA_LA_VIENTIANE,Laos,Vientiane,2024,1755.1200000000001,167,21,4.133934426229509
SEA_LA_VIENTIANE,Laos,Vientiane,2025,1873.58,188,17,4.323013698630137
SEA_MM_YANGON,Myanmar,Yangon,2020,1651.22,176,11,3.9379234972677595
SEA_MM_YANGON,Myanmar,Yangon,2021,2313.625,196,32,4.954876712328767
SEA_MM_YANGON,Myanmar,Yangon,2022,2595.09,203,30,6.884493150684932
SEA_MM_YANGON,Myanmar,Yangon,2023,2510.075,193,34,6.6361917808219175
SEA_MM_YANGON,Myanmar,Yangon,2024,2776.67,182,44,6.676065573770492
SEA_MM_YANGON,Myanmar,Yangon,2025,2680.33,202,43,6.1656438356164385
SEA_MY_KUALA_LUMPUR,Malaysia,Kuala Lumpur,2020,2561.83,312,25,5.748142076502733
SEA_MY_KUALA_LUMPUR,Malaysia,Kuala Lumpur,2021,2927.565,303,28,6.9056712328767125
SEA_MY_KUALA_LUMPUR,Malaysia,Kuala Lumpur,2022,2882.58,321,27,6.530246575342465
SEA_MY_KUALA_LUMPUR,Malaysia,Kuala Lumpur,2023,3050.75,321,35,6.93254794520548
SEA_MY_KUALA_LUMPUR,Malaysia,Kuala Lumpur,2024,3564.555,325,49,8.712868852459016
SEA_MY_KUALA_LUMPUR,Malaysia,Kuala Lumpur,2025,2761.525,298,26,6.348136986301371
SEA_PH_MANILA,Philippines,Manila,2020,4521.45,298,68,15.140874316939891
SEA_PH_MANILA,Philippines,Manila,2021,2438.245,301,15,5.390767123287671
SEA_PH_MANILA,Philippines,Manila,2022,2844.915,308,24,5.733452054794521
SEA_PH_MANILA,Philippines,Manila,2023,2385.735,293,19,5.158767123287672
SEA_PH_MANILA,Philippines,Manila,2024,2702.42,270,25,5.187868852459016
SEA_PH_MANILA,Philippines,Manila,2025,3053.31,305,31,6.167287671232876
SEA_SG_SINGAPORE,Singapore,Singapore,2020,3104.11,315,30,6.19863387978142
SEA_SG_SINGAPORE,Singapore,Singapore,2021,3962.65,334,52,9.066739726027398
SEA_SG_SINGAPORE,Singapore,Singapore,2022,3537.025,342,38,8.108246575342466
SEA_SG_SINGAPORE,Singapore,Singapore,2023,4529.31,335,64,11.79627397260274
SEA_SG_SINGAPORE,Singapore,Singapore,2024,4509.25,349,57,11.322786885245902
SEA_SG_SINGAPORE,Singapore,Singapore,2025,5169.335,339,69,16.24758904109589
SEA_TH_BANGKOK,Thailand,Bangkok,2020,1487.335,184,12,3.079972677595628
SEA_TH_BANGKOK,Thailand,Bangkok,2021,1582.635,208,8,3.206
SEA_TH_BANGKOK,Thailand,Bangkok,2022,1971.56,226,27,3.3837260273972602
SEA_TH_BANGKOK,Thailand,Bangkok,2023,1475.33,198,9,3.2055342465753425
SEA_TH_BANGKOK,Thailand,Bangkok,2024,1525.34,190,13,3.002568306010929
SEA_TH_BANGKOK,Thailand,Bangkok,2025,1638.825,222,8,3.637013698630137
SEA_TL_DILI,Timor-Leste,Dili,2020,1477.555,185,10,5.022814207650273
SEA_TL_DILI,Timor-Leste,Dili,2021,1932.0049999999999,211,18,6.075863013698631
SEA_TL_DILI,Timor-Leste,Dili,2022,1760.925,226,15,5.39931506849315
SEA_TL_DILI,Timor-Leste,Dili,2023,1210.275,181,9,4.050164383561643
SEA_TL_DILI,Timor-Leste,Dili,2024,1626.945,192,22,5.11363387978142
SEA_TL_DILI,Timor-Leste,Dili,2025,1939.35,222,16,5.51413698630137
SEA_VN_HANOI,Vietnam,Hanoi,2020,2083.005,211,27,4.887622950819672
SEA_VN_HANOI,Vietnam,Hanoi,2021,1854.51,193,25,4.125972602739726
SEA_VN_HANOI,Vietnam,Hanoi,2022,2176.645,197,32,5.435041095890411
SEA_VN_HANOI,Vietnam,Hanoi,2023,1618.495,162,21,3.9177260273972605
SEA_VN_HANOI,Vietnam,Hanoi,2024,2348.785,188,31,5.43379781420765
SEA_VN_HANOI,Vietnam,Hanoi,2025,2356.57,190,33,4.696657534246575
SEA_VN_HO_CHI_MINH,Vietnam,Ho Chi Minh City,2020,2082.19,210,24,4.927978142076503
SEA_VN_HO_CHI_MINH,Vietnam,Ho Chi Minh City,2021,2090.62,232,19,4.731890410958904
SEA_VN_HO_CHI_MINH,Vietnam,Ho Chi Minh City,2022,2211.92,253,17,5.063013698630137
SEA_VN_HO_CHI_MINH,Vietnam,Ho Chi Minh City,2023,1999.575,221,16,4.80358904109589
SEA_VN_HO_CHI_MINH,Vietnam,Ho Chi Minh City,2024,1860.425,198,10,4.031502732240437
SEA_VN_HO_CHI_MINH,Vietnam,Ho Chi Minh City,2025,2166.96,231,16,5.907945205479452
