entity_id,country,location_name,month,valid_pairs,bias_mm,mae_mm,rmse_mm,smape_pct,pearson_corr,spearman_corr,wet_day_agreement_pct,wet_day_cohen_kappa,wet_day_jaccard,mean_daily_rainfall_mm,mean_abs_diff_relative_to_mean,high_gap_10mm_ratio,high_gap_20mm_ratio,month_name
SEA_BN_BANDAR_SERI_BEGAWAN,Brunei,Bandar Seri Begawan,1,186.0,-0.17118279569892453,7.545806451612903,12.183355118171837,73.30870808560856,0.49044694424998847,0.636054303426152,89.24731182795699,0.4139886578449905,0.8870056497175142,11.18483870967742,0.6746459780782914,0.24731182795698925,0.0967741935483871,Jan
SEA_BN_BANDAR_SERI_BEGAWAN,Brunei,Bandar Seri Begawan,2,170.0,-0.42200000000000004,5.779647058823531,12.905332140129474,93.57675794099889,0.35525542190160486,0.6636176380091977,78.82352941176471,0.450529718082241,0.75,7.231941176470587,0.7991833612846109,0.17058823529411765,0.047058823529411764,Feb
SEA_BN_BANDAR_SERI_BEGAWAN,Brunei,Bandar Seri Begawan,3,186.0,-1.0939784946236564,7.240967741935485,13.692139060169186,98.47145615064665,0.3850815338736853,0.5206745190413515,76.34408602150538,0.3009907755380936,0.7396449704142012,8.165913978494624,0.8867308374932964,0.23118279569892472,0.08602150537634409,Mar
SEA_BN_BANDAR_SERI_BEGAWAN,Brunei,Bandar Seri Begawan,4,180.0,-1.922777777777778,5.993333333333334,10.865147081890383,88.08152747704054,0.5174788341898386,0.5652076193120635,75.55555555555556,0.12078152753108365,0.7441860465116279,7.826944444444444,0.765730915187684,0.15555555555555556,0.05,Apr
SEA_BN_BANDAR_SERI_BEGAWAN,Brunei,Bandar Seri Begawan,5,186.0,-1.7843010752688169,7.803978494623656,11.448777415124955,90.43066710254062,0.5862689047816817,0.6298761902204881,85.48387096774194,0.5300393037619315,0.8353658536585366,10.288494623655913,0.7585150966519216,0.3010752688172043,0.0913978494623656,May
SEA_BN_BANDAR_SERI_BEGAWAN,Brunei,Bandar Seri Begawan,6,180.0,-0.1586111111111111,7.162944444444444,11.832151607660656,97.72026819493631,0.3921862763261253,0.5805801152956513,84.44444444444444,0.5112490302560123,0.8238993710691824,8.772916666666667,0.8164838121447212,0.2222222222222222,0.08333333333333333,Jun
SEA_BN_BANDAR_SERI_BEGAWAN,Brunei,Bandar Seri Begawan,7,186.0,2.3238709677419354,8.713870967741935,19.477652510295687,107.91538881770887,0.3678414203826872,0.693107545976023,73.11827956989248,0.34992310918495734,0.6932515337423313,9.954408602150538,0.8753780676618018,0.23655913978494625,0.10752688172043011,Jul
SEA_BN_BANDAR_SERI_BEGAWAN,Brunei,Bandar Seri Begawan,8,186.0,-0.5460215053763441,9.439032258064515,17.67478442021501,92.15022581323531,0.5137630405600698,0.5911324251579011,83.87096774193549,0.44300259532840885,0.8224852071005917,11.63451612903226,0.8112956441479738,0.3064516129032258,0.11827956989247312,Aug
SEA_BN_BANDAR_SERI_BEGAWAN,Brunei,Bandar Seri Begawan,9,180.0,1.328944444444444,7.985499999999999,13.187364259438318,97.1344778438945,0.583039642615604,0.7236938457117347,77.77777777777779,0.3507664562669073,0.7560975609756098,11.41613888888889,0.6994921905752778,0.26666666666666666,0.1,Sep
SEA_BN_BANDAR_SERI_BEGAWAN,Brunei,Bandar Seri Begawan,10,186.0,0.3247849462365592,9.991129032258064,16.69678378340204,92.75815526285544,0.3588641738091753,0.4533104644092059,82.25806451612904,0.2494497432134999,0.8146067415730337,11.877983870967743,0.8411468764355969,0.3225806451612903,0.11290322580645161,Oct
SEA_BN_BANDAR_SERI_BEGAWAN,Brunei,Bandar Seri Begawan,11,180.0,-0.27177777777777745,8.251333333333335,11.703908558919775,80.59680420209769,0.4055275966722595,0.43856545342017816,90.55555555555556,0.27350427350427353,0.9034090909090909,11.389111111111111,0.7244931805572533,0.2777777777777778,0.08888888888888889,Nov
SEA_BN_BANDAR_SERI_BEGAWAN,Brunei,Bandar Seri Begawan,12,186.0,0.23801075268817187,7.946505376344087,11.75138955407457,76.4015616526135,0.38780699711341093,0.47442274264949436,88.70967741935483,0.03650715342871321,0.8864864864864865,11.43459677419355,0.6949528289080905,0.2956989247311828,0.0913978494623656,Dec
SEA_TH_BANGKOK,Thailand,Bangkok,1,186.0,-0.23521505376344087,0.4059677419354838,2.1855836306240057,48.27401812947759,0.28893372746610707,0.5618640282386097,93.54838709677419,0.46653919694072576,0.3333333333333333,0.2689516129032258,1.5094452717489888,0.010752688172043012,0.005376344086021506,Jan
SEA_TH_BANGKOK,Thailand,Bangkok,2,170.0,-0.802470588235294,1.372470588235294,3.78034078762593,82.21320057996346,0.6242011871967722,0.6765201588964923,87.05882352941177,0.607225372820836,0.5217391304347826,1.2440588235294119,1.103220009515592,0.03529411764705882,0.0058823529411764705,Feb
SEA_TH_BANGKOK,Thailand,Bangkok,3,186.0,-0.6047849462365592,1.1656451612903227,2.625510600622,120.34973052291238,0.7243217526103596,0.5746225131649478,82.79569892473118,0.5297835361036499,0.4666666666666667,1.3605107526881721,0.8567702667034468,0.026881720430107527,0.0,Mar
SEA_TH_BANGKOK,Thailand,Bangkok,4,180.0,-0.4146666666666667,2.7,5.308513183766451,112.61050683176788,0.48383129375234346,0.6047339771891622,73.33333333333333,0.45170706942505384,0.5151515151515151,2.7371111111111115,0.9864415032524976,0.06666666666666667,0.016666666666666666,Apr
SEA_TH_BANGKOK,Thailand,Bangkok,5,186.0,0.44849462365591397,3.779139784946237,6.267470464350461,86.43088586473117,0.6391063272125469,0.7312715981225696,77.95698924731182,0.47973802701596396,0.7266666666666667,5.744677419354838,0.6578506517277704,0.08602150537634409,0.016129032258064516,May
SEA_TH_BANGKOK,Thailand,Bangkok,6,180.0,-0.5952222222222222,4.572,7.072389428066177,94.95839118982404,0.2623932518066834,0.3151943605143906,69.44444444444444,0.05857740585774022,0.6783625730994152,5.1135,0.8941038425942889,0.1111111111111111,0.03888888888888889,Jun
SEA_TH_BANGKOK,Thailand,Bangkok,7,186.0,-0.5114516129032257,5.262956989247311,7.877549459309727,80.74574910020004,0.39865511857506875,0.4139347523855853,80.10752688172043,-0.012356575463371934,0.7989130434782609,7.312553763440861,0.7197153222776655,0.14516129032258066,0.016129032258064516,Jul
SEA_TH_BANGKOK,Thailand,Bangkok,8,186.0,0.0339247311827956,4.73005376344086,6.320042151417894,85.26959839424741,0.5961785623959298,0.531124674367153,84.40860215053763,0.38156386149965604,0.8323699421965318,6.907284946236558,0.6847920419633539,0.11290322580645161,0.005376344086021506,Aug
SEA_TH_BANGKOK,Thailand,Bangkok,9,180.0,0.5917777777777778,6.364555555555555,8.828750257602211,65.44434808486757,0.4698587001453514,0.47220483155648174,92.22222222222223,0.18340894361633175,0.9213483146067416,11.02922222222222,0.5770629539184433,0.24444444444444444,0.05555555555555555,Sep
SEA_TH_BANGKOK,Thailand,Bangkok,10,186.0,-1.2603225806451614,5.759354838709679,9.898106096677045,87.88792199932529,0.6191181060170308,0.7435929793328016,82.79569892473118,0.5550239234449762,0.7922077922077922,8.201021505376344,0.7022728612809691,0.1774193548387097,0.05913978494623656,Oct
SEA_TH_BANGKOK,Thailand,Bangkok,11,180.0,-1.2645555555555557,2.45,5.1212706756559285,90.34485500490351,0.6271544895809411,0.7817326422968693,82.22222222222221,0.6184925155649754,0.6097560975609756,2.6332777777777783,0.9303993751609275,0.06111111111111111,0.005555555555555556,Nov
SEA_TH_BANGKOK,Thailand,Bangkok,12,186.0,-0.3322043010752688,0.40274193548387105,1.3336676328226271,52.144679632829636,0.6077926766418604,0.6231155545504331,92.47311827956989,0.46726677577741393,0.3333333333333333,0.2973387096774193,1.3544887396811338,0.0,0.0,Dec
SEA_TL_DILI,Timor-Leste,Dili,1,186.0,-1.4410215053763442,8.020591397849461,11.559486887261658,114.78902952402794,0.31781472107152414,0.32637091716812305,69.35483870967742,0.16374822527212496,0.6705202312138728,8.252607526881722,0.9718857186351846,0.2903225806451613,0.0967741935483871,Jan
SEA_TL_DILI,Timor-Leste,Dili,2,170.0,-0.4847058823529413,10.282235294117648,15.002581503351545,112.16460891592943,0.1813589303227759,0.16638903745523467,74.70588235294117,0.11778904175718061,0.7361963190184049,9.942352941176472,1.0341853034103587,0.3764705882352941,0.15294117647058825,Feb
SEA_TL_DILI,Timor-Leste,Dili,3,186.0,-5.671451612903226,8.635215053763442,11.802237326624919,130.74341845047223,0.3852206201494151,0.2688528833172466,54.83870967741935,0.07931644077784317,0.5254237288135594,7.760510752688171,1.1127122077190046,0.3655913978494624,0.08602150537634409,Mar
SEA_TL_DILI,Timor-Leste,Dili,4,180.0,-4.4768888888888885,7.1161111111111115,14.117941225421095,146.8416655857154,0.6998666839205216,0.5391935080616541,52.77777777777778,0.18251763197264378,0.3511450381679389,6.310444444444443,1.1276719369977632,0.21666666666666667,0.08333333333333333,Apr
SEA_TL_DILI,Timor-Leste,Dili,5,186.0,-2.175268817204301,3.3568817204301076,6.9550098753050955,142.10473610257873,0.22576622926435738,0.49675295615959103,56.98924731182796,0.19793014230271674,0.2727272727272727,2.3677419354838714,1.4177565843240172,0.08064516129032258,0.03225806451612903,May
SEA_TL_DILI,Timor-Leste,Dili,6,180.0,-1.8515,2.4769444444444444,5.131941856862976,128.42110770808642,0.5351806230384313,0.37328925329240725,63.888888888888886,0.19819078947368418,0.21686746987951808,1.822027777777778,1.3594438423468969,0.06666666666666667,0.011111111111111112,Jun
SEA_TL_DILI,Timor-Leste,Dili,7,186.0,-1.1465591397849464,1.3570967741935485,4.231174371157467,102.41551923563912,0.5131118226452795,0.3241938499193582,79.03225806451613,0.2113502935420744,0.1702127659574468,0.9546774193548386,1.4215239045762043,0.021505376344086023,0.016129032258064516,Jul
SEA_TL_DILI,Timor-Leste,Dili,8,186.0,-0.5203763440860215,0.5704838709677419,1.440835890903655,99.88243679358914,0.08569597091368557,0.1522811856310972,82.25806451612904,0.06461444681499622,0.05714285714285714,0.32744623655913974,1.7422214871676678,0.005376344086021506,0.0,Aug
SEA_TL_DILI,Timor-Leste,Dili,9,180.0,-0.9855555555555557,1.2521111111111112,3.2902353850277777,116.63190592079249,0.11509017027824554,0.3094862563616287,76.11111111111111,0.0962167211583371,0.0851063829787234,0.7011111111111112,1.7858954015732076,0.03333333333333333,0.011111111111111112,Sep
SEA_TL_DILI,Timor-Leste,Dili,10,186.0,-3.058494623655914,3.6451612903225805,6.868920420410727,134.61174614973265,0.2589596194162082,0.5155286240640266,59.13978494623656,0.21151271753681392,0.2549019607843137,2.503010752688172,1.4563106790298268,0.12903225806451613,0.021505376344086023,Oct
SEA_TL_DILI,Timor-Leste,Dili,11,180.0,-4.134722222222222,6.947277777777776,10.138833951144917,147.86774955171907,0.1610681811878066,0.4027602722339817,53.333333333333336,0.18287937743190671,0.4166666666666667,5.1009722222222225,1.3619516973941224,0.2388888888888889,0.07777777777777778,Nov
SEA_TL_DILI,Timor-Leste,Dili,12,186.0,-3.0713978494623655,9.031397849462365,13.364089339381406,119.76537463945121,0.1731401811536103,0.33675763672563874,67.74193548387096,0.10891089108910872,0.6610169491525424,8.74064516129032,1.0332644423579207,0.3172043010752688,0.11827956989247312,Dec
SEA_VN_HANOI,Vietnam,Hanoi,1,186.0,-0.492741935483871,1.4422043010752688,3.279784201529447,122.91813051896358,0.635891768951153,0.5990201125786146,75.80645161290323,0.36291673009590486,0.3283582089552239,1.4224462365591397,1.0138902005534023,0.026881720430107527,0.005376344086021506,Jan
SEA_VN_HANOI,Vietnam,Hanoi,2,170.0,-0.38211764705882356,2.2984705882352943,7.1889434714215215,113.93916560875769,0.33306909842771115,0.6897410401768066,74.11764705882354,0.45679012345679015,0.4823529411764706,2.256,1.018825614900917,0.041176470588235294,0.01764705882352941,Feb
SEA_VN_HANOI,Vietnam,Hanoi,3,186.0,-0.903978494623656,2.2091397849462364,5.3995328352284035,121.04333034711642,0.572004821230715,0.53227465779638,73.11827956989248,0.4147998993204127,0.4444444444444444,2.2571505376344088,0.9787294853106168,0.07526881720430108,0.016129032258064516,Mar
SEA_VN_HANOI,Vietnam,Hanoi,4,180.0,-0.49455555555555564,2.862888888888889,6.926834373972317,100.67774450169833,0.5072031200508667,0.720674973544265,78.88888888888889,0.5689981096408318,0.6041666666666666,3.1555,0.9072694938937156,0.07222222222222222,0.03888888888888889,Apr
SEA_VN_HANOI,Vietnam,Hanoi,5,186.0,-0.440268817204301,6.354247311827956,11.668715296324041,118.31678501807987,0.37412912400740256,0.6422737461987954,76.88172043010752,0.5237584851732762,0.6766917293233082,6.54491935483871,0.9708671667832461,0.1827956989247312,0.08602150537634409,May
SEA_VN_HANOI,Vietnam,Hanoi,6,180.0,-1.8302777777777781,7.443944444444444,12.911620928450464,106.89954237114054,0.5724217111972066,0.7163112081475825,78.88888888888889,0.5043478260869565,0.7397260273972602,9.594305555555556,0.7758711040173385,0.24444444444444444,0.1,Jun
SEA_VN_HANOI,Vietnam,Hanoi,7,186.0,-0.7571505376344085,7.534247311827958,16.840698064222952,105.41456155220608,0.33188899702740704,0.6898707488130214,78.49462365591397,0.46382242721245315,0.7452229299363057,8.954220430107528,0.8414185656691572,0.20430107526881722,0.0967741935483871,Jul
SEA_VN_HANOI,Vietnam,Hanoi,8,186.0,-0.7615053763440862,8.791182795698926,15.652825091124393,95.27746925705787,0.5237737498779408,0.6267263220926623,80.64516129032258,0.4051172707889124,0.7831325301204819,11.966021505376345,0.7346788396639903,0.2903225806451613,0.11290322580645161,Aug
SEA_VN_HANOI,Vietnam,Hanoi,9,180.0,-2.802388888888889,9.587055555555557,17.806107207609664,103.71206262047829,0.5918563610926679,0.7255209117239226,83.88888888888889,0.553388090349076,0.8092105263157895,12.75213888888889,0.751799806945099,0.3333333333333333,0.15,Sep
SEA_VN_HANOI,Vietnam,Hanoi,10,186.0,-0.3290860215053765,6.068440860215053,17.88504461743783,94.37789430877544,0.5352278684085329,0.8266046674822336,86.02150537634408,0.7164966584593739,0.7263157894736842,6.913951612903225,0.8777094777481608,0.13978494623655913,0.06989247311827956,Oct
SEA_VN_HANOI,Vietnam,Hanoi,11,180.0,-0.7934999999999999,1.7830555555555554,5.185408855625562,100.11543194807022,0.5804587640111102,0.6541447772051213,83.88888888888889,0.573529411764706,0.5166666666666667,1.6454722222222222,1.0836132815805986,0.03888888888888889,0.016666666666666666,Nov
SEA_VN_HANOI,Vietnam,Hanoi,12,186.0,-0.19747311827956993,0.498763440860215,1.342701697869771,116.03166654542744,0.7026581735867521,0.49046051254236106,87.09677419354838,0.4103038309114929,0.3142857142857143,0.4786827956989247,1.0419497928477266,0.005376344086021506,0.0,Dec
SEA_VN_HO_CHI_MINH,Vietnam,Ho Chi Minh City,1,186.0,-0.6755376344086022,0.7641397849462366,2.940990707922421,85.59653183526385,0.49217857372268753,0.4978093024598222,91.39784946236558,0.39116202945990175,0.2727272727272727,0.4794354838709678,1.5938323487922306,0.021505376344086023,0.010752688172043012,Jan
SEA_VN_HO_CHI_MINH,Vietnam,Ho Chi Minh City,2,170.0,-0.603764705882353,0.6639999999999999,1.9712632557650467,85.35049090162443,0.19577692811010003,0.5006635855454183,81.76470588235294,0.020081814801041226,0.03125,0.3887058823529412,1.708232441125915,0.01764705882352941,0.0,Feb
SEA_VN_HO_CHI_MINH,Vietnam,Ho Chi Minh City,3,186.0,-0.04876344086021504,0.7787634408602152,2.5938298374809503,94.74785906656813,0.7421993548852838,0.5092032811984819,87.63440860215054,0.4442712392829304,0.34285714285714286,0.7315322580645162,1.0645647286369821,0.016129032258064516,0.005376344086021506,Mar
SEA_VN_HO_CHI_MINH,Vietnam,Ho Chi Minh City,4,180.0,-2.0756666666666668,2.9765555555555556,6.377157325607983,116.15114906035102,0.47225397473843866,0.6736699834831917,67.77777777777779,0.3354551241247613,0.3695652173913043,2.6288333333333336,1.132272448268541,0.08888888888888889,0.022222222222222223,Apr
SEA_VN_HO_CHI_MINH,Vietnam,Ho Chi Minh City,5,186.0,-2.447204301075269,6.917741935483872,10.986887932968687,102.99912386185743,0.35053769594672135,0.574676424274089,79.56989247311827,0.4632442284325635,0.7610062893081762,7.376935483870969,0.9377528039483555,0.23118279569892472,0.08064516129032258,May
SEA_VN_HO_CHI_MINH,Vietnam,Ho Chi Minh City,6,180.0,0.024666666666666337,9.264000000000001,16.39709808336693,98.12063151797771,0.21882731210219336,0.36949115956793077,81.11111111111111,0.19047619047619072,0.8034682080924855,9.724555555555554,0.9526399377455269,0.2777777777777778,0.08333333333333333,Jun
SEA_VN_HO_CHI_MINH,Vietnam,Ho Chi Minh City,7,186.0,-2.124139784946237,7.412956989247312,9.78350875444935,87.2130814104228,0.3965708076716765,0.4054426547810129,86.55913978494624,0.17757339936328279,0.8626373626373627,9.858897849462364,0.7519052435358845,0.25268817204301075,0.04838709677419355,Jul
SEA_VN_HO_CHI_MINH,Vietnam,Ho Chi Minh City,8,186.0,-3.8316129032258064,7.486451612903226,10.918729887930711,88.65178305363855,0.253565545283313,0.41667820638928693,84.94623655913979,0.1955514365152921,0.8453038674033149,8.729354838709678,0.8576179741081771,0.25268817204301075,0.08602150537634409,Aug
SEA_VN_HO_CHI_MINH,Vietnam,Ho Chi Minh City,9,180.0,-5.492944444444444,7.8822777777777775,10.47712723030507,81.74084505655466,0.3607031066359068,0.31917164838290457,88.88888888888889,0.0,0.8888888888888888,10.756861111111112,0.7327674584273611,0.31666666666666665,0.06666666666666667,Sep
SEA_VN_HO_CHI_MINH,Vietnam,Ho Chi Minh City,10,186.0,-1.4719892473118281,8.04779569892473,13.142984943528104,86.14526406018008,0.2277942284492408,0.3628186469460719,87.63440860215054,0.3102225088681074,0.8715083798882681,10.551639784946236,0.7627056895596092,0.2903225806451613,0.06451612903225806,Oct
SEA_VN_HO_CHI_MINH,Vietnam,Ho Chi Minh City,11,180.0,-1.592,4.479666666666666,6.911201535671396,109.02443838774755,0.34040290442634275,0.5766016190798509,75.55555555555556,0.46774193548387094,0.6811594202898551,4.572888888888889,0.9796141508208637,0.14444444444444443,0.011111111111111112,Nov
SEA_VN_HO_CHI_MINH,Vietnam,Ho Chi Minh City,12,186.0,-0.5690860215053763,2.04747311827957,4.8078009526185665,119.91478070142911,0.4458481492774599,0.6070511167857399,79.56989247311827,0.45664206642066396,0.4153846153846154,1.8563172043010754,1.102975888190128,0.05913978494623656,0.016129032258064516,Dec
SEA_ID_JAKARTA,Indonesia,Jakarta,1,186.0,-0.16973118279569904,8.31241935483871,13.103507676987114,74.41528982789083,0.35332360888929704,0.5604501154866228,91.93548387096774,0.31516936671575774,0.9175824175824175,11.043091397849462,0.752725758993967,0.3010752688172043,0.08064516129032258,Jan
SEA_ID_JAKARTA,Indonesia,Jakarta,2,170.0,4.300529411764706,9.198764705882352,15.934820123018056,73.93098157927353,0.3917795782485287,0.519484636191202,90.58823529411765,-0.021021021021019874,0.9058823529411765,12.989088235294115,0.7081917174277992,0.2529411764705882,0.11764705882352941,Feb
SEA_ID_JAKARTA,Indonesia,Jakarta,3,186.0,0.119462365591398,7.053440860215054,10.721012480272119,78.37399795850591,0.27365452023519643,0.31210435544226073,89.24731182795699,0.10962182862613704,0.8913043478260869,9.32478494623656,0.7564186091289291,0.21505376344086022,0.053763440860215055,Mar
SEA_ID_JAKARTA,Indonesia,Jakarta,4,180.0,-0.45927777777777784,5.861722222222221,9.340971130812184,80.85768496291277,0.21571163019276252,0.32914186827745145,87.77777777777777,0.1610169491525418,0.8757062146892656,7.07425,0.8285998121912035,0.18888888888888888,0.05,Apr
SEA_ID_JAKARTA,Indonesia,Jakarta,5,186.0,-1.1450537634408604,5.290430107526881,9.54300436225744,89.8417358631457,0.21011792154148323,0.40388163179571346,81.72043010752688,0.4145528605813742,0.7964071856287425,5.733924731182795,0.9226542646842376,0.14516129032258066,0.043010752688172046,May
SEA_ID_JAKARTA,Indonesia,Jakarta,6,180.0,-0.8728333333333335,4.421499999999999,7.476180657409385,89.28007853769162,0.22537526444281947,0.43835797938972737,78.33333333333333,0.3007968127490038,0.7636363636363637,4.906916666666667,0.9010750129780597,0.1111111111111111,0.03333333333333333,Jun
SEA_ID_JAKARTA,Indonesia,Jakarta,7,186.0,0.37532258064516133,3.1132795698924727,7.159801125068882,110.01129660420716,0.4257056116411782,0.7060981365841356,80.10752688172043,0.6008583690987124,0.6509433962264151,3.2951881720430105,0.9447956858310308,0.06989247311827956,0.03763440860215054,Jul
SEA_ID_JAKARTA,Indonesia,Jakarta,8,186.0,-0.7359139784946236,2.1594623655913985,5.232770807381176,102.51113235880042,0.5063472503178598,0.7917954429158465,80.10752688172043,0.5984362235966857,0.6336633663366337,2.6933333333333334,0.8017805809862443,0.04838709677419355,0.010752688172043012,Aug
SEA_ID_JAKARTA,Indonesia,Jakarta,9,180.0,-0.5520555555555556,3.058611111111111,5.63609404739764,94.06019474992289,0.4943668256932319,0.6826135539093464,76.11111111111111,0.5012886597938143,0.6692307692307692,3.9023055555555555,0.7837959039298943,0.07777777777777778,0.027777777777777776,Sep
SEA_ID_JAKARTA,Indonesia,Jakarta,10,186.0,-0.7694623655913979,4.366666666666667,6.703502454783643,93.1469216597189,0.4727611158840529,0.6073791938622598,77.41935483870968,0.3934782608695653,0.7391304347826086,5.603440860215053,0.7792830824522696,0.12903225806451613,0.016129032258064516,Oct
SEA_ID_JAKARTA,Indonesia,Jakarta,11,180.0,-0.5533333333333333,6.615444444444446,10.2777288347183,86.21431105497356,0.1370973418415734,0.3054187377216488,87.77777777777777,0.20513849859494196,0.875,7.747777777777777,0.853850566360467,0.19444444444444445,0.06666666666666667,Nov
SEA_ID_JAKARTA,Indonesia,Jakarta,12,186.0,-0.35107526881720436,5.919569892473118,8.316014088647316,79.85330588577129,0.311008423908365,0.4414000206889539,90.86021505376344,0.2894382022471911,0.9065934065934066,8.431451612903226,0.702081938383174,0.1774193548387097,0.03763440860215054,Dec
SEA_MY_KUALA_LUMPUR,Malaysia,Kuala Lumpur,1,186.0,0.10430107526881709,5.845698924731184,9.439180755411634,101.71766458230422,0.593517928128487,0.6140792936061604,75.26881720430107,0.3882453882453883,0.7070063694267515,7.618817204301075,0.7672711875360156,0.22580645161290322,0.043010752688172046,Jan
SEA_MY_KUALA_LUMPUR,Malaysia,Kuala Lumpur,2,170.0,0.22441176470588234,5.3580588235294115,9.381965835643214,112.28507854302396,0.3929458439883332,0.4987161455584463,65.88235294117646,0.2641791044776119,0.5766423357664233,5.436911764705882,0.9854967405073874,0.18235294117647058,0.041176470588235294,Feb
SEA_MY_KUALA_LUMPUR,Malaysia,Kuala Lumpur,3,186.0,0.4553225806451613,6.943279569892473,11.65445779773301,100.11752171196665,0.35087749521372075,0.44917627376814107,79.56989247311827,0.3608247422680409,0.7738095238095238,7.568521505376344,0.9173891577163233,0.1989247311827957,0.08602150537634409,Mar
SEA_MY_KUALA_LUMPUR,Malaysia,Kuala Lumpur,4,180.0,-1.938,6.952999999999999,10.26030663392777,83.87244332254534,0.31087442853969754,0.35118044186149344,87.22222222222223,0.27368421052631586,0.867816091954023,8.975444444444443,0.7746691589773081,0.2111111111111111,0.044444444444444446,Apr
SEA_MY_KUALA_LUMPUR,Malaysia,Kuala Lumpur,5,186.0,-1.6013978494623657,7.099892473118279,10.228290358408582,104.3670791446512,0.3641321066651187,0.34476473912397265,76.34408602150538,0.2578890097932534,0.7426900584795322,7.571344086021505,0.9377321109059923,0.21505376344086022,0.06989247311827956,May
SEA_MY_KUALA_LUMPUR,Malaysia,Kuala Lumpur,6,180.0,0.03666666666666648,6.322666666666667,10.054017494403805,103.90549728266585,0.22220543864785486,0.3900138133178178,75.0,0.3135593220338982,0.71875,6.632777777777778,0.953245665322402,0.18333333333333332,0.05,Jun
SEA_MY_KUALA_LUMPUR,Malaysia,Kuala Lumpur,7,186.0,0.1993548387096772,4.761720430107527,8.320675311199723,110.52096074724737,0.4849065124713032,0.6435459484570989,73.11827956989248,0.41064638783269963,0.6575342465753424,5.5448387096774185,0.8587662650922776,0.15053763440860216,0.04838709677419355,Jul
SEA_MY_KUALA_LUMPUR,Malaysia,Kuala Lumpur,8,186.0,-1.91,6.30763440860215,9.288996959636117,102.06288390955595,0.4852333103330173,0.37505543203571984,70.43010752688173,0.0677966101694918,0.6892655367231638,7.509516129032258,0.8399521752641943,0.22043010752688172,0.043010752688172046,Aug
SEA_MY_KUALA_LUMPUR,Malaysia,Kuala Lumpur,9,180.0,-1.257222222222222,6.902666666666667,11.162618768809486,99.94054251587717,0.3695583230200501,0.4081966625735565,75.55555555555556,0.22716627634660416,0.7365269461077845,7.979166666666667,0.8650861617714775,0.21666666666666667,0.06111111111111111,Sep
SEA_MY_KUALA_LUMPUR,Malaysia,Kuala Lumpur,10,186.0,0.26629032258064517,6.924462365591397,10.851448865157051,99.6393108369134,0.2847533149051218,0.37756153833025086,77.95698924731182,0.36077116512992435,0.7530120481927711,7.495510752688172,0.9238146129247043,0.23655913978494625,0.0913978494623656,Oct
SEA_MY_KUALA_LUMPUR,Malaysia,Kuala Lumpur,11,180.0,0.6835555555555557,8.351777777777778,11.566213055466532,83.72372237143391,0.5104787166912387,0.3641758292177322,87.22222222222223,0.13965087281795568,0.8700564971751412,12.402888888888889,0.6733735867444829,0.3055555555555556,0.09444444444444444,Nov
SEA_MY_KUALA_LUMPUR,Malaysia,Kuala Lumpur,12,186.0,0.7687096774193548,10.493655913978495,16.656169156433958,99.09861983321191,0.45212880203367295,0.44201228876737864,82.25806451612904,0.1352493660185974,0.8176795580110497,12.316612903225808,0.851992020499251,0.3225806451612903,0.15591397849462366,Dec
SEA_PH_MANILA,Philippines,Manila,1,186.0,4.543064516129032,4.849086021505376,8.683246042117947,134.7538752591184,0.6444187452175463,0.5831690241705212,58.06451612903226,0.2082514734774068,0.5,4.350026881720431,1.1147255298047358,0.12903225806451613,0.043010752688172046,Jan
SEA_PH_MANILA,Philippines,Manila,2,170.0,6.436999999999999,7.176882352941176,22.336997309923493,137.79223145353856,0.10279451325143715,0.5307432982789956,57.647058823529406,0.2522907758094074,0.4098360655737705,5.0996764705882365,1.4073211100597558,0.11764705882352941,0.07058823529411765,Feb
SEA_PH_MANILA,Philippines,Manila,3,186.0,4.582258064516129,5.080430107526881,15.632408643584007,128.9805993318722,0.0625034150961965,0.509873190041831,61.82795698924731,0.27765014768624874,0.37719298245614036,3.4180107526881724,1.4863704281927408,0.0967741935483871,0.05913978494623656,Mar
SEA_PH_MANILA,Philippines,Manila,4,180.0,4.1211666666666655,5.2705,17.536679544441828,119.40789255021367,0.10349958663959569,0.5332920587453924,72.22222222222221,0.4487320837927233,0.5614035087719298,3.826694444444444,1.3772983641989915,0.08333333333333333,0.05,Apr
SEA_PH_MANILA,Philippines,Manila,5,186.0,0.7802688172043009,3.819731182795699,6.678503752008483,96.79005376695319,0.8576845834443247,0.4901926277112079,66.66666666666666,0.2106776180698153,0.6219512195121951,5.667016129032257,0.674028641378502,0.06989247311827956,0.016129032258064516,May
SEA_PH_MANILA,Philippines,Manila,6,180.0,0.8670555555555558,8.060833333333333,13.790390998404972,82.18698085517556,0.2445095963706658,0.3855986730839135,85.55555555555556,0.3389830508474572,0.847953216374269,9.756305555555556,0.8262178020774489,0.25,0.08888888888888889,Jun
SEA_PH_MANILA,Philippines,Manila,7,186.0,-0.37795698924731197,7.833763440860214,12.2033245514297,72.11669101176146,0.7004881820555567,0.5500614281552754,89.24731182795699,0.23895253682487735,0.8901098901098901,13.672849462365589,0.5729430037132819,0.27419354838709675,0.08064516129032258,Jul
SEA_PH_MANILA,Philippines,Manila,8,186.0,-1.2167204301075267,5.300806451612903,8.381872240619307,74.3369604427311,0.6102624442126932,0.5722760320251572,86.02150537634408,0.33000831255195384,0.8531073446327684,8.642177419354839,0.613364687367788,0.15053763440860216,0.03763440860215054,Aug
SEA_PH_MANILA,Philippines,Manila,9,180.0,0.2447777777777778,5.945555555555554,8.346027265178991,65.58323699479922,0.8018605507526656,0.6291587384485517,90.0,0.2541436464088396,0.8977272727272727,11.66738888888889,0.5095875016824072,0.2,0.022222222222222223,Sep
SEA_PH_MANILA,Philippines,Manila,10,186.0,7.190215053763441,10.636559139784946,19.075333168358316,90.5275470791117,0.6404150764289824,0.5275895604797382,88.17204301075269,0.167277167277167,0.8797814207650273,13.046720430107527,0.8152668861075623,0.27419354838709675,0.13440860215053763,Oct
SEA_PH_MANILA,Philippines,Manila,11,180.0,9.073055555555555,11.248722222222224,20.139149422069554,122.37077327604244,0.5266019286761751,0.4298645355675527,71.66666666666667,0.26606971538215546,0.6890243902439024,9.770416666666668,1.1513042488195746,0.31666666666666665,0.12777777777777777,Nov
SEA_PH_MANILA,Philippines,Manila,12,186.0,9.74064516129032,10.436559139784945,17.053665705017636,128.9137356627982,0.501349883189539,0.533042718249917,62.365591397849464,0.12781350482315107,0.6,9.135376344086023,1.1424334089310768,0.3655913978494624,0.16666666666666666,Dec
SEA_KH_PHNOM_PENH,Cambodia,Phnom Penh,1,186.0,-0.08639784946236563,0.4905913978494624,1.821818334250359,60.56909502549607,0.5958209703017904,0.5661902687469956,92.47311827956989,0.5213235294117645,0.391304347826087,0.4541129032258065,1.080329128030057,0.005376344086021506,0.0,Jan
SEA_KH_PHNOM_PENH,Cambodia,Phnom Penh,2,170.0,-0.3024705882352941,0.9077647058823529,2.7600323953768027,86.57167620300652,0.49432303744908185,0.46281640069323704,88.23529411764706,0.47852760736196287,0.375,0.7175882352941176,1.265021721329177,0.01764705882352941,0.0058823529411764705,Feb
SEA_KH_PHNOM_PENH,Cambodia,Phnom Penh,3,186.0,-0.07817204301075266,1.2502150537634407,3.115850390489566,117.42342753436942,0.6638405680358992,0.37600331791757,76.88172043010752,0.25572305974316023,0.24561403508771928,1.2813440860215053,0.9757059531679547,0.026881720430107527,0.0,Mar
SEA_KH_PHNOM_PENH,Cambodia,Phnom Penh,4,180.0,-0.971,3.602,6.373105382952821,135.9268272919833,0.26645614680730806,0.44208906021286526,64.44444444444444,0.2843831531867314,0.42857142857142855,2.9650555555555558,1.2148170350589886,0.11666666666666667,0.022222222222222223,Apr
SEA_KH_PHNOM_PENH,Cambodia,Phnom Penh,5,186.0,-2.318817204301075,5.998387096774194,9.146650776656314,111.35559005237754,0.22420156211429373,0.43839642752724073,65.59139784946237,0.20534045393858477,0.6121212121212121,5.691666666666667,1.0538893872422204,0.21505376344086022,0.053763440860215055,May
SEA_KH_PHNOM_PENH,Cambodia,Phnom Penh,6,180.0,2.247222222222222,9.118222222222224,26.689777610330307,109.60854574365575,0.1915008915883128,0.24617304233700774,72.22222222222221,0.28741092636579574,0.6835443037974683,7.338611111111112,1.2424997159440934,0.21666666666666667,0.08333333333333333,Jun
SEA_KH_PHNOM_PENH,Cambodia,Phnom Penh,7,186.0,0.0766129032258066,7.318763440860215,10.660031647757092,107.93956222421998,0.24814309434098372,0.30778043332049076,76.34408602150538,0.2611050920910075,0.7426900584795322,7.436693548387097,0.9841421314803807,0.26344086021505375,0.07526881720430108,Jul
SEA_KH_PHNOM_PENH,Cambodia,Phnom Penh,8,186.0,-1.0777956989247313,7.281881720430107,12.973470883853462,105.34013330670695,0.24572592481581546,0.4034298967697241,67.74193548387096,0.11330049261083715,0.653179190751445,7.580456989247312,0.9606124973466191,0.1989247311827957,0.08064516129032258,Aug
SEA_KH_PHNOM_PENH,Cambodia,Phnom Penh,9,180.0,-3.1302777777777773,8.308055555555557,11.699194203020992,91.74197635306375,0.34181448139064874,0.27882363728367154,84.44444444444444,0.1974522292993632,0.84,10.064861111111112,0.8254515847773021,0.3111111111111111,0.07222222222222222,Sep
SEA_KH_PHNOM_PENH,Cambodia,Phnom Penh,10,186.0,-3.156021505376344,8.977956989247312,12.765591226215836,94.00316539958197,0.19446550996582473,0.4109074111979765,84.40860215053763,0.43494657448145824,0.8294117647058824,10.159086021505377,0.883736683532208,0.34408602150537637,0.14516129032258066,Oct
SEA_KH_PHNOM_PENH,Cambodia,Phnom Penh,11,180.0,-2.4330555555555557,5.424388888888888,10.357825570821106,110.86946724612588,0.3357587882503121,0.6586780413239912,78.33333333333333,0.5605908863294943,0.6776859504132231,5.194027777777778,1.04435115096079,0.16111111111111112,0.06111111111111111,Nov
SEA_KH_PHNOM_PENH,Cambodia,Phnom Penh,12,186.0,-0.23037634408602142,1.3582258064516126,4.372734743817071,81.41776645528034,0.29600397409637347,0.6320363162500227,85.48387096774194,0.5305664610207516,0.4489795918367347,1.1568548387096775,1.1740676183646954,0.03225806451612903,0.016129032258064516,Dec
SEA_SG_SINGAPORE,Singapore,Singapore,1,186.0,5.082688172043011,8.434086021505378,16.118799182841574,81.44259354260973,0.7725011600714703,0.6573869819817837,82.79569892473118,0.4124383020730507,0.8106508875739645,12.691344086021505,0.6645542003805799,0.22043010752688172,0.10215053763440861,Jan
SEA_SG_SINGAPORE,Singapore,Singapore,2,170.0,6.574352941176471,8.77564705882353,21.115410068311274,103.09010584361226,0.4394051091213851,0.44053117171496775,67.64705882352942,0.23473563594696353,0.6232876712328768,8.098352941176469,1.0836335636990695,0.19411764705882353,0.07647058823529412,Feb
SEA_SG_SINGAPORE,Singapore,Singapore,3,186.0,7.529301075268819,13.014139784946238,29.85912157780013,101.866106463376,0.15921536629390634,0.3524714500836353,76.88172043010752,0.19939939939939952,0.7542857142857143,11.673252688172045,1.1148683346003452,0.27419354838709675,0.16666666666666666,Mar
SEA_SG_SINGAPORE,Singapore,Singapore,4,180.0,-0.8909444444444443,6.987944444444444,10.489953103379973,75.64424913554967,0.32490810112597973,0.4369141370968362,92.22222222222223,0.4911147011308565,0.9186046511627907,9.70286111111111,0.7201942152631755,0.25555555555555554,0.05,Apr
SEA_SG_SINGAPORE,Singapore,Singapore,5,186.0,2.7474731182795695,10.49252688172043,19.016993631333886,87.32269708387958,0.16561786955167662,0.4180450180073864,87.09677419354838,0.31407498463429623,0.8659217877094972,11.524274193548386,0.9104718184060537,0.3064516129032258,0.12903225806451613,May
SEA_SG_SINGAPORE,Singapore,Singapore,6,180.0,0.2521666666666672,10.721055555555555,21.365477306991192,85.23137602795445,0.044353526592438124,0.36660565209864815,85.0,0.18346774193548374,0.8465909090909091,11.573861111111112,0.9263162441388583,0.25,0.12777777777777777,Jun
SEA_SG_SINGAPORE,Singapore,Singapore,7,186.0,4.5468817204301075,10.119139784946237,20.62020535341984,84.54452446715963,0.12173872188119901,0.4553972804905403,80.64516129032258,0.3123844731977819,0.791907514450867,9.913763440860215,1.0207162844151427,0.24193548387096775,0.12903225806451613,Jul
SEA_SG_SINGAPORE,Singapore,Singapore,8,186.0,2.3379569892473118,9.73010752688172,22.20234166183417,84.35595701879038,0.11365642283825912,0.4343551484407788,88.17204301075269,0.3624181988158302,0.8764044943820225,10.652849462365591,0.9133807400867612,0.26344086021505375,0.0967741935483871,Aug
SEA_SG_SINGAPORE,Singapore,Singapore,9,180.0,3.8533333333333335,9.717444444444446,19.360307791400885,88.77376937133945,0.09075652573731656,0.32082418970049464,87.77777777777777,0.29787234042553173,0.8735632183908046,10.617222222222221,0.9152529955707472,0.24444444444444444,0.07777777777777778,Sep
SEA_SG_SINGAPORE,Singapore,Singapore,10,186.0,4.72741935483871,11.932903225806452,23.423890226291046,93.76161018616654,0.02695234934446603,0.30585320960825624,82.79569892473118,0.2195121951219515,0.8212290502793296,11.619623655913978,1.0269612491886573,0.3010752688172043,0.15591397849462366,Oct
SEA_SG_SINGAPORE,Singapore,Singapore,11,180.0,1.1315,9.843055555555555,17.509001542064013,75.17912113287777,0.14566523832348693,0.3972055531482732,91.66666666666666,0.2541436464088401,0.9152542372881356,12.912972222222223,0.7622610337420349,0.28888888888888886,0.08888888888888889,Nov
SEA_SG_SINGAPORE,Singapore,Singapore,12,186.0,8.716612903225807,15.402634408602152,36.4295139489829,80.97261752848176,0.029985976655782738,0.3203317075582513,87.09677419354838,0.07654116673562288,0.8695652173913043,14.5577688172043,1.0580353762275272,0.3118279569892473,0.16129032258064516,Dec
SEA_LA_VIENTIANE,Laos,Vientiane,1,186.0,-0.11311827956989247,0.29397849462365594,1.5121102537033597,30.271120088617597,0.46869610193903855,0.5810005438281334,95.6989247311828,0.4778947368421046,0.3333333333333333,0.223010752688172,1.3182256450050638,0.010752688172043012,0.0,Jan
SEA_LA_VIENTIANE,Laos,Vientiane,2,170.0,0.26370588235294123,0.4513529411764705,1.5351618040799093,49.14119418536369,0.9223114036058907,0.6599887201836958,93.52941176470588,0.6317447814100041,0.5,0.8136176470588236,0.554748218961738,0.0058823529411764705,0.0,Feb
SEA_LA_VIENTIANE,Laos,Vientiane,3,186.0,0.15672043010752687,1.6059677419354839,3.762511815435311,94.51423183054494,0.5664853292127141,0.7221353861918292,85.48387096774194,0.6458891552672402,0.5970149253731343,1.7901881720430106,0.8970943759535714,0.03225806451612903,0.005376344086021506,Mar
SEA_LA_VIENTIANE,Laos,Vientiane,4,180.0,0.10588888888888894,2.611222222222222,6.6733369130859534,120.25829146223013,0.4373111844704731,0.6059132701561938,78.33333333333333,0.5061902082160945,0.5,2.466277777777778,1.05877052645557,0.07777777777777778,0.022222222222222223,Apr
SEA_LA_VIENTIANE,Laos,Vientiane,5,186.0,-1.733709677419355,5.920698924731183,9.138515061369747,112.59262355883214,0.44595380859517686,0.5498053877024711,75.26881720430107,0.42937174869947975,0.6933333333333334,6.437446236559141,0.9197279023764102,0.23655913978494625,0.06451612903225806,May
SEA_LA_VIENTIANE,Laos,Vientiane,6,180.0,-4.856888888888889,7.301888888888889,11.407809118708505,90.85012309451827,0.5476402353827242,0.5554028195537091,82.22222222222221,0.3495934959349589,0.8083832335329342,8.663222222222222,0.8428606239968994,0.25555555555555554,0.10555555555555556,Jun
SEA_LA_VIENTIANE,Laos,Vientiane,7,186.0,-4.998602150537635,7.671397849462366,11.612979205247264,88.43691306967777,0.5388706328411716,0.6653920421298366,85.48387096774194,0.47391577624135767,0.8402366863905325,9.848010752688172,0.7789794346629197,0.27956989247311825,0.07526881720430108,Jul
SEA_LA_VIENTIANE,Laos,Vientiane,8,186.0,-4.828602150537635,6.966451612903227,11.648112404190009,79.53534246970874,0.657335542463319,0.6953645602318054,84.40860215053763,0.3841059602649005,0.8323699421965318,10.828172043010753,0.6433635875555275,0.20967741935483872,0.05913978494623656,Aug
SEA_LA_VIENTIANE,Laos,Vientiane,9,180.0,-5.523666666666666,8.389,11.995189915591627,77.64206159539081,0.504674771539919,0.5635943671007987,92.22222222222223,0.42386831275720255,0.9195402298850575,12.347055555555555,0.679433243138356,0.3055555555555556,0.10555555555555556,Sep
SEA_LA_VIENTIANE,Laos,Vientiane,10,186.0,-1.828817204301075,4.051827956989247,7.588215042213927,103.4331825893157,0.5543887337038382,0.7693996683115293,82.79569892473118,0.6580882352941178,0.6981132075471698,4.465161290322581,0.9074314885026461,0.13440860215053763,0.043010752688172046,Oct
SEA_LA_VIENTIANE,Laos,Vientiane,11,180.0,-0.6280555555555556,1.0429444444444445,3.4255071806149293,76.58802895631032,0.6576001502856716,0.5634137549936125,88.88888888888889,0.4374999999999997,0.3333333333333333,0.7543055555555556,1.3826551261360491,0.03333333333333333,0.005555555555555556,Nov
SEA_LA_VIENTIANE,Laos,Vientiane,12,186.0,-0.016935483870967737,0.05102150537634409,0.35076797465420173,25.95848982121906,0.9281187188921615,0.4739916302518793,99.46236559139786,0.6642599277978356,0.5,0.09637096774193549,0.5294281674491694,0.0,0.0,Dec
SEA_MM_YANGON,Myanmar,Yangon,1,186.0,-0.08182795698924732,0.2458064516129032,0.8928340765069639,27.768264220340548,0.6336040354320732,0.6085043101679383,94.08602150537635,0.5309491059147187,0.3888888888888889,0.23435483870967744,1.0488644139690575,0.0,0.0,Jan
SEA_MM_YANGON,Myanmar,Yangon,2,170.0,0.2175882352941176,0.33405882352941174,1.5160783388109484,32.58140783615518,0.6855856124516934,0.4715683711687644,95.29411764705881,0.613196814562002,0.4666666666666667,0.37291176470588233,0.8958119701508315,0.0058823529411764705,0.0,Feb
SEA_MM_YANGON,Myanmar,Yangon,3,186.0,-0.1494623655913978,0.43774193548387097,2.534856361649225,54.63493322328495,0.28542276793965615,0.3599474883203066,96.23655913978494,0.34441087613293175,0.2222222222222222,0.3016129032258065,1.4513368935838027,0.016129032258064516,0.005376344086021506,Mar
SEA_MM_YANGON,Myanmar,Yangon,4,180.0,1.3605555555555555,2.121666666666667,4.850737400986919,94.5014586137792,0.7296791506024203,0.7053769200344193,80.55555555555556,0.4852941176470589,0.43548387096774194,2.489722222222222,0.8521700320129633,0.07222222222222222,0.005555555555555556,Apr
SEA_MM_YANGON,Myanmar,Yangon,5,186.0,0.3002150537634409,7.575161290322581,15.146805937474966,114.97749268494684,0.4061860330295273,0.6353771087057709,79.03225806451613,0.5411764705882353,0.7214285714285714,7.988279569892473,0.94828444887242,0.25268817204301075,0.06989247311827956,May
SEA_MM_YANGON,Myanmar,Yangon,6,180.0,-5.6705000000000005,9.17261111111111,12.221031394008172,83.05629776516058,0.29088339461715934,0.3488239058342391,94.44444444444444,0.3534482758620681,0.943502824858757,12.072527777777779,0.7597920898749626,0.32222222222222224,0.07777777777777778,Jun
SEA_MM_YANGON,Myanmar,Yangon,7,186.0,-2.9875806451612905,13.66016129032258,18.886622947051332,91.57125984029368,0.19139595394078412,0.25737774782212813,93.01075268817203,0.21442495126705563,0.9293478260869565,15.370725806451613,0.8887128338272898,0.4731182795698925,0.22580645161290322,Jul
SEA_MM_YANGON,Myanmar,Yangon,8,186.0,-4.62258064516129,12.926559139784947,21.156268320460295,89.5933525866066,0.16716972103973118,0.2574812665981263,91.93548387096774,0.09356725146198745,0.918918918918919,14.282795698924733,0.9050440411923744,0.44623655913978494,0.1935483870967742,Aug
SEA_MM_YANGON,Myanmar,Yangon,9,180.0,-4.029,12.797666666666666,22.196913048640095,86.11959061237175,0.21169049104204957,0.3929902341059247,88.88888888888889,0.07216494845360817,0.888268156424581,15.433833333333334,0.8291955983610123,0.40555555555555556,0.18888888888888888,Sep
SEA_MM_YANGON,Myanmar,Yangon,10,186.0,-4.826075268817204,7.812849462365592,12.798412725004999,108.17264369085756,0.3479185927504621,0.5866320221154818,73.11827956989248,0.34098639455782304,0.6894409937888198,7.812768817204301,1.000010322097475,0.25268817204301075,0.0913978494623656,Oct
SEA_MM_YANGON,Myanmar,Yangon,11,180.0,-1.2798888888888889,2.749,7.522059115251177,100.78932014789585,0.4920885291286108,0.6842582831156873,78.33333333333333,0.4544606776499844,0.4264705882352941,2.6289444444444445,1.0456668282829609,0.06666666666666667,0.022222222222222223,Nov
SEA_MM_YANGON,Myanmar,Yangon,12,186.0,-0.15086021505376346,0.30193548387096775,1.469987199125012,64.45878671682738,0.35548779616601495,0.3758019198524721,95.16129032258065,0.2900763358778637,0.18181818181818182,0.1982258064516129,1.523189577344365,0.016129032258064516,0.0,Dec
